,Stock Symbol,Buyer Broker,Seller Broker,Quantity,Amount
0,ADBL,58,34,20,8300.0
1,ADBL,58,58,130,53950.0
2,ADBL,58,38,25,10375.0
3,ADBL,58,17,83,34445.0
4,ADBL,58,16,42,17430.0
5,ADBL,58,17,60,24720.0
6,ADBL,58,17,10,4110.0
7,ADBL,58,17,30,12330.0
8,ADBL,58,1,10,4205.0
9,ADBL,58,59,20,8410.0
10,ADBL,58,58,100,42000.0
11,ADBL,58,6,90,37881.0
12,ADBL,58,50,382,160783.8
13,ADBL,58,34,478,201238.0
14,ADBL,58,4,22,9262.0
15,ADBL,58,58,20,8420.0
16,ADBL,58,21,158,66518.0
17,ADBL,58,29,28,11844.0
18,ADBL,58,6,10,4225.0
19,ADBL,58,1,20,8440.0
20,ADBL,58,57,30,12657.0
21,AHPC,58,42,12,5304.0
22,AHPC,58,25,200,88500.0
23,AHPC,58,39,50,22200.0
24,AHPC,58,49,127,56388.0
25,AHPC,58,14,50,22200.0
26,AHPC,58,22,23,10212.0
27,AHPC,58,16,1000,442000.0
28,AHPC,58,21,22,9702.0
29,AHPC,58,35,25,11075.0
30,AHPC,58,51,25,11112.5
31,AHPC,58,33,275,122237.5
32,AHPC,58,8,180,79920.0
33,AHPC,58,58,27,12042.0
34,AHPC,58,48,10,4450.0
35,AIL,58,39,40,28120.0
36,AKJCL,58,45,10,2750.0
37,AKJCL,58,21,260,70980.0
38,AKJCL,58,11,50,13625.0
39,AKJCL,58,3,20,5450.0
40,AKJCL,58,58,220,60940.0
41,AKJCL,58,44,13,3588.0
42,AKJCL,58,36,10,2782.0
43,AKJCL,58,36,10,2783.0
44,AKJCL,58,34,200,55700.0
45,AKJCL,58,8,469,130757.2
46,AKJCL,58,55,500,139500.0
47,AKJCL,58,32,1500,418500.0
48,AKJCL,58,7,2000,558000.0
49,AKJCL,58,34,100,27900.0
50,AKJCL,58,57,237,66123.0
51,AKJCL,58,44,850,233750.0
52,AKJCL,58,56,90,24849.0
53,AKJCL,58,29,200,55300.0
54,AKJCL,58,37,200,55380.0
55,AKJCL,58,36,1000,277000.0
56,AKJCL,58,17,20,5540.0
57,AKJCL,58,49,60,16620.0
58,AKJCL,58,33,60,16680.0
59,AKJCL,58,58,50,13900.0
60,AKJCL,58,51,50,13900.0
61,AKJCL,58,44,1000,278000.0
62,AKJCL,58,49,100,27800.0
63,AKJCL,58,34,100,27800.0
64,AKJCL,58,33,30,8340.0
65,AKJCL,58,44,140,38920.0
66,AKJCL,58,43,50,13900.0
67,AKJCL,58,48,50,13900.0
68,AKJCL,58,49,239,66442.0
69,AKJCL,58,7,175,48650.0
70,AKJCL,58,57,500,139000.0
71,AKJCL,58,36,10,2781.0
72,AKJCL,58,44,23,6325.0
73,AKJCL,58,44,101,27623.5
74,AKJCL,58,44,10,2760.0
75,AKJCL,58,44,14,3882.2
76,AKJCL,58,44,12,3325.2
77,AKJCL,58,44,15,4140.0
78,AKJCL,58,44,600,166800.0
79,AKJCL,58,58,100,27790.0
80,AKJCL,58,44,125,34625.0
81,AKJCL,58,44,1000,277000.0
82,AKJCL,58,44,15,4155.0
83,AKJCL,58,58,40,11160.0
84,AKJCL,58,51,460,128340.0
85,AKJCL,58,58,500,138250.0
86,AKJCL,58,58,200,55020.0
87,AKJCL,58,58,200,55000.0
88,AKJCL,58,58,770,211750.0
89,AKJCL,58,45,10,2800.0
90,AKPL,58,58,25,12500.0
91,AKPL,58,58,25,12500.0
92,AKPL,58,58,50,25000.0
93,AKPL,58,58,10,5000.0
94,AKPL,58,57,20,10100.0
95,AKPL,58,50,75,38100.0
96,AKPL,58,54,20,10180.0
97,AKPL,58,21,40,20360.0
98,AKPL,58,42,21,10684.8
99,AKPL,58,36,100,50890.0
100,AKPL,58,25,100,51000.0
101,AKPL,58,6,5,2545.0
102,AKPL,58,55,2,1016.0
103,AKPL,58,6,20,10260.0
104,AKPL,58,6,30,15390.0
105,AKPL,58,29,100,51490.0
106,AKPL,58,45,30,15450.0
107,AKPL,58,8,50,25700.0
108,AKPL,58,39,28,14383.6
109,AKPL,58,6,56,28784.0
110,ALICL,58,57,15,17730.0
111,ALICL,58,34,36,42408.0
112,ALICL,58,58,250,296725.0
113,ALICL,58,49,50,58700.0
114,ALICL,58,39,200,236400.0
115,ALICL,58,5,10,11890.0
116,ALICL,58,34,30,35700.0
117,ALICL,58,43,110,130900.0
118,ALICL,58,38,50,59500.0
119,ALICL,58,34,100,119000.0
120,ALICL,58,39,45,53460.0
121,ALICL,58,56,20,23800.0
122,ALICL,58,45,200,237000.0
123,API,58,39,50,23500.0
124,API,58,33,60,28140.0
125,API,58,51,90,42210.0
126,API,58,16,4,1880.0
127,API,58,45,12,5542.8
128,API,58,13,449,208785.0
129,API,58,45,51,23715.0
130,API,58,4,144,67680.0
131,API,58,45,106,49820.0
132,API,58,38,25,11607.5
133,API,58,40,10,4700.0
134,API,58,42,23,10787.0
135,API,58,29,30,14070.0
136,API,58,13,190,89110.0
137,API,58,41,187,87703.0
138,API,58,34,623,292747.7
139,API,58,25,165,77550.0
140,API,58,54,50,23500.0
141,API,58,42,10,4709.0
142,API,58,34,100,46900.0
143,API,58,34,10,4710.0
144,API,58,55,200,94520.0
145,API,58,48,50,23850.0
146,API,58,33,40,19000.0
147,BARUN,58,57,10,4650.0
148,BARUN,58,55,25,11745.0
149,BARUN,58,48,25,11747.5
150,BARUN,58,48,110,51480.0
151,BARUN,58,26,23,10718.0
152,BFC,58,50,100,44400.0
153,BFC,58,33,148,66733.2
154,BFC,58,21,20,9000.0
155,BFC,58,28,90,40860.0
156,BFC,58,45,50,22750.0
157,BFC,58,38,10,4570.0
158,BFC,58,33,50,22750.0
159,BFC,58,16,30,13680.0
160,BNT,58,3,10,167000.0
161,BNT,58,29,10,162000.0
162,BOKL,58,54,30,8340.0
163,BOKL,58,58,20,5518.0
164,BOKL,58,55,150,41400.0
165,BOKL,58,58,10,2760.0
166,BOKL,58,57,10,2775.0
167,BOKL,58,26,86,24940.0
168,BOKL,58,57,50,14455.0
169,BOKL,58,16,87,25151.7
170,BOKL,58,10,363,104943.3
171,BOKL,58,10,127,36703.0
172,BOKL,58,34,13,3757.0
173,BPCL,58,6,254,105410.0
174,BPCL,58,47,10,4180.0
175,BPCL,58,21,10,4200.0
176,BPCL,58,34,24,9984.0
177,BPCL,58,47,25,10525.0
178,CBBL,58,6,30,38460.0
179,CBBL,58,48,10,12800.0
180,CBBL,58,52,20,25700.0
181,CBBL,58,52,35,44975.0
182,CBBL,58,6,50,64250.0
183,CBBL,58,45,20,25960.0
184,CBBL,58,45,10,12990.0
185,CBBL,58,45,26,33670.0
186,CBBL,58,41,10,12950.0
187,CBBL,58,45,29,37584.0
188,CBBL,58,42,12,15550.8
189,CBBL,58,16,10,12960.0
190,CBBL,58,16,40,51840.0
191,CBBL,58,44,20,25800.0
192,CBBL,58,7,50,64500.0
193,CBBL,58,6,10,12940.0
194,CBBL,58,34,34,43962.0
195,CBBL,58,16,16,20688.0
196,CBBL,58,6,100,129200.0
197,CBBL,58,6,100,129000.0
198,CBBL,58,6,50,64250.0
199,CBBL,58,6,10,12850.0
200,CBBL,58,58,50,64250.0
201,CBL,58,42,100,24310.0
202,CBL,58,36,23,5591.3
203,CBL,58,34,100,24400.0
204,CBL,58,34,200,48620.0
205,CBL,58,58,177,43028.7
206,CBL,58,58,173,42039.0
207,CBL,58,6,10,2465.0
208,CBL,58,58,500,123450.0
209,CBL,58,58,100,24700.0
210,CBL,58,3,250,61750.0
211,CBL,58,38,200,49400.0
212,CBL,58,21,75,18525.0
213,CBL,58,57,100,24780.0
214,CBL,58,58,100,24780.0
215,CBL,58,49,50,12390.0
216,CBL,58,6,4336,1074460.8
217,CBL,58,58,289,71614.2
218,CBL,58,58,500,123950.0
219,CBL,58,55,500,124000.0
220,CBL,58,51,90,22320.0
221,CBL,58,6,100,24800.0
222,CBL,58,57,100,24800.0
223,CBL,58,58,200,49600.0
224,CBL,58,55,50,12400.0
225,CBL,58,4,220,54560.0
226,CBL,58,17,200,49600.0
227,CBL,58,22,100,25000.0
228,CBL,58,22,10,2500.0
229,CBL,58,50,40,9920.0
230,CBL,58,25,50,12350.0
231,CBL,58,17,14,3500.0
232,CBL,58,34,186,46500.0
233,CBL,58,28,40,10060.0
234,CBL,58,42,275,69300.0
235,CBL,58,28,50,12600.0
236,CBL,58,6,100,25200.0
237,CBL,58,49,300,75870.0
238,CBL,58,19,100,25290.0
239,CBL,58,28,175,44275.0
240,CBL,58,28,215,54395.0
241,CBL,58,40,100,25300.0
242,CBL,58,52,30,7590.0
243,CBL,58,42,253,64009.0
244,CBL,58,17,402,101706.0
245,CBL,58,1,10,2535.0
246,CBL,58,1,10,2535.0
247,CBL,58,32,180,45576.0
248,CBL,58,51,200,50640.0
249,CBL,58,54,50,12660.0
250,CBL,58,7,180,45576.0
251,CBL,58,42,30,7617.0
252,CCBL,58,21,100,23000.0
253,CCBL,58,29,30,6960.0
254,CCBL,58,42,200,47200.0
255,CCBL,58,28,10,2446.0
256,CCBL,58,56,20,4870.0
257,CCBL,58,28,200,48000.0
258,CCBL,58,16,25,6025.0
259,CCBL,58,16,60,14400.0
260,CCBL,58,16,11,2640.0
261,CCBL,58,21,52,12480.0
262,CCBL,58,41,9,2196.0
263,CCBL,58,38,10,2440.0
264,CCBL,58,11,10,2448.0
265,CFCL,58,59,50,20750.0
266,CFCL,58,37,10,4150.0
267,CFCL,58,52,200,83200.0
268,CFCL,58,19,300,125100.0
269,CFCL,58,34,10,4170.0
270,CFCL,58,52,36,15048.0
271,CFCL,58,41,50,20900.0
272,CFCL,58,28,124,51832.0
273,CFCL,58,6,60,24720.0
274,CFCL,58,38,25,10475.0
275,CFCL,58,38,25,10475.0
276,CFCL,58,50,40,16560.0
277,CFCL,58,50,24,9960.0
278,CFCL,58,50,76,31464.0
279,CFCL,58,50,20,8280.0
280,CFCL,58,38,300,127500.0
281,CFCL,58,52,20,8620.0
282,CFCL,58,4,23,10016.5
283,CGH,58,38,10,14380.0
284,CGH,58,38,10,14210.0
285,CGH,58,55,40,56840.0
286,CGH,58,54,10,14300.0
287,CGH,58,57,15,21394.5
288,CGH,58,57,50,71250.0
289,CGH,58,56,10,14490.0
290,CHCL,58,48,40,18920.0
291,CHCL,58,48,15,7050.0
292,CHCL,58,34,100,46600.0
293,CHCL,58,58,30,14412.0
294,CHCL,58,58,20,9598.0
295,CHCL,58,38,100,48000.0
296,CHCL,58,58,200,97000.0
297,CHCL,58,13,200,97000.0
298,CHCL,58,48,100,48500.0
299,CHCL,58,48,20,9700.0
300,CHCL,58,48,10,4850.0
301,CHCL,58,14,990,479160.0
302,CHCL,58,48,1330,645050.0
303,CHCL,58,22,25,12125.0
304,CHCL,58,39,100,48500.0
305,CHCL,58,8,500,242500.0
306,CHCL,58,58,40,19400.0
307,CHCL,58,42,15,7275.0
308,CHCL,58,42,35,16975.0
309,CHCL,58,44,50,24250.0
310,CHCL,58,22,500,242500.0
311,CHCL,58,38,10,4850.0
312,CHCL,58,16,25,12125.0
313,CHCL,58,39,100,48600.0
314,CHCL,58,32,10,4860.0
315,CHCL,58,26,100,48600.0
316,CHCL,58,11,70,34020.0
317,CHCL,58,57,50,24300.0
318,CHCL,58,41,50,24315.0
319,CHCL,58,16,200,97280.0
320,CHCL,58,22,200,97300.0
321,CHCL,58,5,25,12172.5
322,CHCL,58,58,25,12175.0
323,CHCL,58,58,475,231325.0
324,CHCL,58,58,25,12200.0
325,CHCL,58,58,80,39112.0
326,CHCL,58,40,100,48890.0
327,CHCL,58,28,100,48900.0
328,CHCL,58,1,720,352080.0
329,CHCL,58,1,280,136920.0
330,CHCL,58,49,500,244500.0
331,CHCL,58,43,50,24450.0
332,CHCL,58,17,30,14670.0
333,CHCL,58,58,140,68460.0
334,CHCL,58,5,50,24300.0
335,CHCL,58,58,360,176040.0
336,CHCL,58,39,100,48900.0
337,CHCL,58,32,10,4893.0
338,CHCL,58,58,200,98000.0
339,CHCL,58,21,500,245000.0
340,CHCL,58,37,100,49000.0
341,CHCL,58,4,18,8820.0
342,CHCL,58,19,154,75460.0
343,CHCL,58,42,35,17150.0
344,CHCL,58,1,100,50000.0
345,CHCL,58,58,100,50500.0
346,CHCL,58,48,50,25250.0
347,CHCL,58,17,50,25250.0
348,CHCL,58,45,50,25250.0
349,CHCL,58,38,25,12600.0
350,CHCL,58,45,65,32825.0
351,CHCL,58,45,250,126250.0
352,CHDC,58,5,15,13020.0
353,CHDC,58,38,10,8680.0
354,CHDC,58,25,20,17220.0
355,CHL,58,14,18,8568.0
356,CHL,58,36,100,48390.0
357,CHL,58,39,40,19304.0
358,CHL,58,36,10,4826.0
359,CHL,58,13,50,24130.0
360,CHL,58,6,10,4758.0
361,CHL,58,58,55,26235.0
362,CHL,58,26,11,5377.9
363,CHL,58,45,49,23961.0
364,CHL,58,14,500,243000.0
365,CHL,58,6,20,9560.0
366,CHL,58,6,20,9540.0
367,CHL,58,41,39,18610.8
368,CHL,58,14,50,24195.0
369,CHL,58,45,50,24200.0
370,CHL,58,14,100,48100.0
371,CHL,58,26,10,4850.0
372,CHL,58,52,10,4850.0
373,CHL,58,34,10,4840.0
374,CHL,58,13,20,9682.0
375,CHL,58,41,100,48300.0
376,CHL,58,26,30,14499.0
377,CHL,58,40,70,33950.0
378,CHL,58,52,70,33880.0
379,CHL,58,41,40,19396.0
380,CHL,58,26,10,4840.0
381,CHL,58,14,110,53691.0
382,CHL,58,6,500,244500.0
383,CHL,58,34,100,48900.0
384,CHL,58,57,290,141810.0
385,CHL,58,57,30,14640.0
386,CHL,58,19,100,48800.0
387,CHL,58,19,19,9272.0
388,CHL,58,51,500,243100.0
389,CHL,58,58,10,4880.0
390,CHL,58,58,50,24350.0
391,CHL,58,58,320,155648.0
392,CHL,58,56,22,10711.8
393,CHL,58,34,10,4840.0
394,CHL,58,28,112,54264.0
395,CHL,58,32,400,193600.0
396,CHL,58,26,100,48400.0
397,CHL,58,45,300,145350.0
398,CHL,58,49,803,389455.0
399,CHL,58,34,227,110095.0
400,CHL,58,49,250,120775.0
401,CHL,58,26,300,145350.0
402,CHL,58,26,165,79942.5
403,CHL,58,26,200,96620.0
404,CHL,58,49,100,48450.0
405,CHL,58,57,50,24225.0
406,CIT,58,1,10,33500.0
407,CIT,58,26,15,49125.0
408,CIT,58,19,25,82500.0
409,CIT,58,49,40,132000.0
410,CIT,58,32,184,607200.0
411,CIT,58,45,10,33450.0
412,CIT,58,32,30,100080.0
413,CIT,58,36,10,33300.0
414,CIT,58,34,50,166750.0
415,CLBSL,58,41,10,10480.0
416,CLBSL,58,25,10,10490.0
417,CLBSL,58,14,100,108000.0
418,CMF1,58,38,1000,9340.0
419,CORBL,58,8,50,46945.0
420,CORBL,58,43,50,46400.0
421,CORBL,58,21,100,93780.0
422,CORBL,58,13,60,56268.0
423,CORBL,58,38,17,15944.3
424,CORBL,58,49,15,14070.0
425,CORBL,58,53,20,18600.0
426,CORBL,58,43,10,9330.0
427,CORBL,58,43,10,9320.0
428,CORBL,58,19,10,9400.0
429,CORBL,58,42,50,46900.0
430,CORBL,58,51,20,18800.0
431,CORBL,58,42,50,47000.0
432,CORBL,58,34,10,9450.0
433,CORBL,58,45,10,9450.0
434,CORBL,58,10,30,28380.0
435,CORBL,58,40,110,103510.0
436,CZBIL,58,48,100,27700.0
437,CZBIL,58,11,16,4448.0
438,CZBIL,58,58,400,111600.0
439,CZBIL,58,16,350,97650.0
440,CZBIL,58,57,100,27900.0
441,CZBIL,58,45,56,15708.0
442,CZBIL,58,14,11,3085.5
443,CZBIL,58,45,13,3646.5
444,CZBIL,58,42,20,5620.0
445,CZBIL,58,6,60,16860.0
446,CZBIL,58,26,20,5638.0
447,CZBIL,58,11,40,11444.0
448,CZBIL,58,48,389,113237.9
449,CZBIL,58,50,30,8733.0
450,CZBIL,58,48,81,23579.1
451,CZBIL,58,48,50,14550.0
452,CZBIL,58,42,86,24690.6
453,CZBIL,58,34,14,4060.0
454,CZBIL,58,34,97,28130.0
455,CZBIL,58,38,137,40072.5
456,CZBIL,58,58,13,3807.7
457,CZBIL,58,35,350,102725.0
458,CZBIL,58,45,20,5870.0
459,CZBIL,58,45,50,14675.0
460,CZBIL,58,45,50,14675.0
461,CZBIL,58,13,30,8805.0
462,DDBL,58,53,50,60250.0
463,DDBL,58,57,20,24000.0
464,DDBL,58,7,30,36000.0
465,DDBL,58,22,30,37320.0
466,DDBL,58,58,30,37350.0
467,DDBL,58,54,10,12450.0
468,DDBL,58,48,15,18600.0
469,DDBL,58,34,15,18675.0
470,DDBL,58,57,17,21165.0
471,DDBL,58,50,48,59760.0
472,DDBL,58,52,23,28520.0
473,DDBL,58,34,19,23560.0
474,DDBL,58,34,170,210800.0
475,DDBL,58,1,10,12320.0
476,DDBL,58,45,40,49080.0
477,DDBL,58,48,10,12270.0
478,DDBL,58,46,10,12290.0
479,DDBL,58,55,20,24542.0
480,DHPL,58,38,100,27050.0
481,DHPL,58,53,11,3014.0
482,DHPL,58,56,100,27100.0
483,DHPL,58,28,12,3286.8
484,DHPL,58,55,10,2703.0
485,DHPL,58,35,40,10812.0
486,DHPL,58,28,130,35360.0
487,DHPL,58,58,10,2745.0
488,DHPL,58,28,100,27490.0
489,EBL,58,50,20,11260.0
490,EBL,58,46,10,5900.0
491,EBL,58,17,500,306500.0
492,EBL,58,17,22,13464.0
493,EBL,58,17,37,22644.0
494,EBL,58,17,450,275850.0
495,EBL,58,49,13,7969.0
496,EBL,58,51,47,28717.0
497,EBL,58,7,10,6110.0
498,FMDBL,58,58,100,90100.0
499,FMDBL,58,50,10,8900.0
500,FMDBL,58,21,50,44500.0
501,FMDBL,58,46,100,89900.0
502,FOWAD,58,44,100,206000.0
503,FOWAD,58,44,75,154500.0
504,FOWAD,58,41,25,51650.0
505,FOWAD,58,14,15,31483.5
506,FOWAD,58,28,85,178406.5
507,FOWAD,58,35,24,49946.4
508,FOWAD,58,13,10,20900.0
509,FOWAD,58,6,12,25116.0
510,FOWAD,58,46,96,200832.0
511,GBBL,58,58,20,10620.0
512,GBBL,58,55,50,27000.0
513,GBBL,58,38,30,16293.0
514,GBBL,58,53,50,27395.0
515,GBBL,58,39,55,30360.0
516,GBBL,58,17,135,74790.0
517,GBBL,58,17,500,277000.0
518,GBBL,58,32,200,110800.0
519,GBBL,58,22,10,5540.0
520,GBBL,58,19,100,56000.0
521,GBBL,58,13,200,111620.0
522,GBBL,58,59,50,28000.0
523,GBBL,58,36,50,28050.0
524,GBBL,58,48,40,22640.0
525,GBIME,58,33,39,11700.0
526,GBIME,58,45,10,3040.0
527,GBIME,58,43,30,9090.0
528,GBIME,58,34,150,45300.0
529,GBIME,58,51,35,10605.0
530,GBIME,58,37,50,15100.0
531,GBIME,58,53,15,4525.5
532,GBIME,58,22,10,3070.0
533,GBIME,58,46,100,30560.0
534,GBIME,58,14,228,69790.8
535,GBIME,58,58,100,30810.0
536,GBIME,58,4,15,4621.5
537,GBIME,58,35,50,15550.0
538,GBIME,58,14,50,15550.0
539,GBIME,58,50,130,40430.0
540,GBIME,58,46,100,31050.0
541,GBIME,58,46,57,17681.4
542,GBIME,58,17,10,3130.0
543,GBIME,58,8,100,31200.0
544,GBIME,58,45,80,24960.0
545,GBIME,58,6,36,11232.0
546,GBIME,58,7,200,62800.0
547,GBIME,58,22,40,12528.0
548,GBIME,58,22,100,31320.0
549,GBIME,58,49,40,12596.0
550,GBIME,58,1,100,31490.0
551,GBIME,58,49,10,3149.0
552,GBIME,58,32,30,9600.0
553,GBIME,58,19,50,16000.0
554,GBIME,58,44,50,16000.0
555,GBLBS,58,29,50,47700.0
556,GBLBS,58,29,30,28800.0
557,GBLBS,58,29,30,28800.0
558,GBLBS,58,21,25,24750.0
559,GBLBS,58,42,15,14925.0
560,GBLBS,58,28,5,4900.0
561,GBLBS,58,8,15,14896.5
562,GBLBS,58,8,15,14896.5
563,GBLBS,58,16,10,9931.0
564,GBLBS,58,34,50,49655.0
565,GBLBS,58,59,70,68950.0
566,GBLBS,58,57,30,29550.0
567,GFCL,58,41,75,43350.0
568,GFCL,58,21,10,5819.0
569,GFCL,58,55,100,58500.0
570,GFCL,58,34,20,11720.0
571,GFCL,58,28,30,17580.0
572,GFCL,58,37,50,29335.0
573,GFCL,58,42,100,58700.0
574,GFCL,58,47,100,58700.0
575,GFCL,58,42,89,52332.0
576,GFCL,58,55,11,6479.0
577,GFCL,58,37,20,11860.0
578,GFCL,58,28,40,23736.0
579,GFCL,58,19,33,19582.2
580,GFCL,58,35,50,29650.0
581,GFCL,58,4,400,237200.0
582,GFCL,58,4,10,5930.0
583,GFCL,58,4,10,5930.0
584,GFCL,58,7,30,17880.0
585,GFCL,58,28,50,29880.0
586,GFCL,58,14,10,5977.0
587,GFCL,58,52,15,8940.0
588,GFCL,58,7,10,5960.0
589,GFCL,58,35,15,8940.0
590,GFCL,58,28,22,13134.0
591,GFCL,58,53,20,11780.0
592,GHL,58,14,70,21609.0
593,GHL,58,57,200,62800.0
594,GIC,58,6,10,5880.0
595,GIC,58,6,10,5880.0
596,GIC,58,58,10,5880.0
597,GIC,58,42,90,52920.0
598,GILB,58,58,100,162000.0
599,GILB,58,49,10,16771.0
600,GIMES1,58,42,150,1633.5
601,GIMES1,58,53,1000,10730.0
602,GLH,58,6,10,3860.0
603,GLH,58,21,10,3920.0
604,GLICL,58,54,22,12606.0
605,GLICL,58,36,40,23552.0
606,GLICL,58,41,10,5888.0
607,GMFIL,58,55,145,68005.0
608,GMFIL,58,57,100,46600.0
609,GMFIL,58,3,20,9500.0
610,GMFIL,58,4,50,23765.0
611,GRDBL,58,53,11,3806.0
612,GRDBL,58,5,21,7224.0
613,GRDBL,58,6,11,3784.0
614,GRDBL,58,36,10,3500.0
615,GRDBL,58,19,40,14000.0
616,GUFL,58,28,10,7700.0
617,GUFL,58,28,26,20020.0
618,GUFL,58,28,50,38500.0
619,GUFL,58,28,10,7700.0
620,GUFL,58,28,42,32340.0
621,GUFL,58,28,40,30800.0
622,GUFL,58,28,10,7700.0
623,GUFL,58,49,50,38500.0
624,GUFL,58,28,10,7700.0
625,GUFL,58,52,10,7700.0
626,GUFL,58,28,10,7700.0
627,GUFL,58,28,10,7700.0
628,GUFL,58,28,15,11550.0
629,GUFL,58,49,39,30030.0
630,GUFL,58,49,15,11550.0
631,GUFL,58,28,10,7700.0
632,GUFL,58,28,10,7700.0
633,GUFL,58,28,10,7700.0
634,GUFL,58,28,10,7700.0
635,GUFL,58,28,10,7700.0
636,GUFL,58,28,30,23100.0
637,GUFL,58,28,260,200200.0
638,GUFL,58,48,20,15400.0
639,GUFL,58,28,10,7700.0
640,GUFL,58,48,100,77000.0
641,GUFL,58,48,200,154000.0
642,GUFL,58,28,50,38500.0
643,GUFL,58,28,30,23100.0
644,GUFL,58,28,400,308000.0
645,GUFL,58,28,45,34650.0
646,GUFL,58,28,105,80850.0
647,GUFL,58,28,10,7700.0
648,GUFL,58,28,20,15400.0
649,HDHPC,58,38,139,42547.9
650,HDHPC,58,41,125,38500.0
651,HDHPC,58,59,200,61600.0
652,HDHPC,58,34,444,136752.0
653,HDHPC,58,56,240,73680.0
654,HDHPC,58,25,100,30700.0
655,HDHPC,58,20,30,9195.0
656,HDHPC,58,20,151,46221.1
657,HDHPC,58,20,300,91800.0
658,HDHPC,58,57,786,241223.4
659,HDHPC,58,20,10,3125.0
660,HDHPC,58,57,300,93300.0
661,HDHPC,58,20,1000,311000.0
662,HDHPC,58,57,200,62200.0
663,HDHPC,58,6,700,217000.0
664,HDL,58,55,25,106250.0
665,HDL,58,59,10,42400.0
666,HDL,58,35,20,84480.0
667,HDL,58,37,20,84400.0
668,HDL,58,45,10,42700.0
669,HDL,58,19,10,42600.0
670,HDL,58,19,10,42600.0
671,HDL,58,20,20,85204.0
672,HDL,58,29,30,127806.0
673,HDL,58,45,10,42650.0
674,HDL,58,45,20,85204.0
675,HDL,58,42,17,72250.0
676,HDL,58,57,38,161500.0
677,HDL,58,32,10,42300.0
678,HDL,58,38,35,148680.0
679,HDL,58,38,16,68192.0
680,HDL,58,39,10,42500.0
681,HDL,58,45,50,212500.0
682,HDL,58,39,40,170000.0
683,HDL,58,39,50,212700.0
684,HDL,58,57,10,42580.0
685,HDL,58,28,90,382140.0
686,HDL,58,28,10,42460.0
687,HDL,58,42,10,42470.0
688,HDL,58,42,10,42470.0
689,HDL,58,46,10,42300.0
690,HDL,58,14,10,42250.0
691,HDL,58,46,12,50940.0
692,HDL,58,43,32,135520.0
693,HDL,58,42,28,118580.0
694,HDL,58,3,10,42400.0
695,HDL,58,6,11,46641.1
696,HDL,58,57,27,114612.3
697,HDL,58,37,30,126900.0
698,HDL,58,41,10,42305.0
699,HDL,58,41,12,50760.0
700,HDL,58,13,30,126750.0
701,HDL,58,57,10,42200.0
702,HDL,58,57,14,59080.0
703,HDL,58,3,10,42200.0
704,HDL,58,17,10,42200.0
705,HDL,58,17,60,253140.0
706,HDL,58,45,30,126450.0
707,HDL,58,45,25,105375.0
708,HDL,58,45,10,42160.0
709,HDL,58,21,30,126480.0
710,HDL,58,14,16,67456.0
711,HDL,58,48,10,42290.0
712,HDL,58,42,70,295750.0
713,HDL,58,42,80,337520.0
714,HDL,58,45,20,84420.0
715,HDL,58,51,30,126450.0
716,HDL,58,13,10,42130.0
717,HDL,58,49,10,42130.0
718,HDL,58,13,10,42100.0
719,HDL,58,6,10,42080.0
720,HDL,58,39,30,126150.0
721,HDL,58,39,50,210000.0
722,HGI,58,34,50,33320.0
723,HGI,58,33,50,33320.0
724,HGI,58,10,42,28140.0
725,HIDCL,58,42,12,3072.0
726,HIDCL,58,42,50,12700.0
727,HIDCL,58,25,75,18975.0
728,HIDCL,58,49,90,22770.0
729,HIDCL,58,22,100,25400.0
730,HIDCL,58,22,40,10160.0
731,HIDCL,58,21,103,26162.0
732,HIDCL,58,16,100,25400.0
733,HIDCL,58,35,57,14478.0
734,HIDCL,58,42,17,4403.0
735,HIDCL,58,50,47,12196.5
736,HIDCL,58,50,390,100932.0
737,HIDCL,58,7,10,2580.0
738,HIDCL,58,51,19,4905.8
739,HIDCL,58,13,11,2827.0
740,HIDCL,58,36,69,17733.0
741,HIDCL,58,36,70,17990.0
742,HIDCL,58,51,20,5160.0
743,HIDCL,58,19,20,5140.0
744,HIDCL,58,34,20,5140.0
745,HIDCL,58,34,50,12850.0
746,HIDCL,58,39,25,6375.0
747,HIDCL,58,39,10,2550.0
748,HIDCL,58,49,195,49725.0
749,HIDCL,58,13,100,25500.0
750,HIDCL,58,49,50,12750.0
751,HIDCL,58,38,10,2550.0
752,HIDCL,58,59,19,4864.0
753,HIDCL,58,21,18,4626.0
754,HIDCL,58,51,100,25800.0
755,HIDCL,58,28,300,77700.0
756,HIDCL,58,50,10,2570.0
757,HIDCL,58,34,10,2570.0
758,HIDCL,58,7,285,73131.0
759,HIDCL,58,22,16,4128.0
760,HIDCL,58,32,16,4144.0
761,HIDCL,58,53,18,4671.0
762,HIDCL,58,57,284,73556.0
763,HIDCL,58,57,100,25900.0
764,HIDCL,58,59,62,16002.2
765,HIDCL,58,57,110,28490.0
766,HIDCL,58,28,10,2581.0
767,HIDCL,58,4,72,18583.2
768,HIDCL,58,6,20,5170.0
769,HIDCL,58,28,193,50160.7
770,HIDCL,58,26,180,46764.0
771,HIDCL,58,22,100,25990.0
772,HIDCL,58,45,200,51980.0
773,HIDCL,58,58,100,26000.0
774,HIDCL,58,57,40,10408.0
775,HIDCL,58,58,14,3661.0
776,HIDCL,58,53,21,5491.5
777,HIDCL,58,56,10,2630.0
778,HIDCL,58,51,31,8215.0
779,HIDCL,58,37,100,26500.0
780,HIDCL,58,49,69,18285.0
781,HIDCL,58,46,1612,423956.0
782,HIDCL,58,38,50,13150.0
783,HIDCL,58,55,100,26300.0
784,HPPL,58,25,10,4290.0
785,HPPL,58,26,10,4300.0
786,HPPL,58,53,10,4300.0
787,HPPL,58,6,15,6450.0
788,HURJA,58,58,20,8220.0
789,HURJA,58,1,45,18495.0
790,ICFC,58,44,30,17640.0
791,ICFC,58,25,50,29255.0
792,ICFC,58,34,50,29350.0
793,ICFC,58,25,30,17640.0
794,ICFC,58,52,50,30000.0
795,ICFC,58,45,28,16800.0
796,ICFC,58,49,34,20400.0
797,ICFC,58,43,138,82800.0
798,ICFC,58,49,110,65450.0
799,ICFC,58,20,100,60000.0
800,ICFC,58,49,15,9000.0
801,ICFC,58,28,285,171000.0
802,ICFC,58,28,39,23400.0
803,ICFC,58,35,300,180030.0
804,ICFC,58,57,10,6001.0
805,ICFC,58,45,200,120020.0
806,ICFC,58,43,170,102510.0
807,ICFC,58,42,50,30150.0
808,ICFC,58,54,55,33165.0
809,ICFC,58,36,525,316575.0
810,ICFC,58,36,200,120600.0
811,ICFC,58,58,235,141305.5
812,ICFC,58,17,100,60130.0
813,ICFC,58,35,50,30065.0
814,ICFC,58,3,100,60130.0
815,ICFC,58,20,20,12000.0
816,ICFC,58,20,50,29955.0
817,ICFC,58,10,41,24682.0
818,ICFC,58,20,160,96272.0
819,ICFC,58,44,290,174522.0
820,ICFC,58,10,50,30100.0
821,ICFC,58,10,420,252840.0
822,ICFC,58,39,80,48160.0
823,ICFC,58,45,76,45904.0
824,ICFC,58,17,74,44762.6
825,ICFC,58,57,200,121000.0
826,ICFC,58,34,170,103020.0
827,ICFC,58,42,30,18180.0
828,IGI,58,44,10,10640.0
829,IGI,58,54,25,26282.5
830,IGI,58,35,80,84800.0
831,IGI,58,6,10,10600.0
832,IGI,58,1,100,106500.0
833,IGI,58,17,29,30943.0
834,IGI,58,7,181,193127.0
835,IGI,58,7,400,426800.0
836,IGI,58,33,100,106500.0
837,IGI,58,41,100,106600.0
838,IGI,58,14,100,106600.0
839,IGI,58,7,119,126973.0
840,IGI,58,41,39,41652.0
841,IGI,58,57,200,213600.0
842,IGI,58,58,100,107000.0
843,IGI,58,42,192,205440.0
844,IGI,58,52,500,535000.0
845,IGI,58,57,50,53500.0
846,IGI,58,6,2000,2140000.0
847,IGI,58,45,92,98440.0
848,IGI,58,11,100,107000.0
849,IGI,58,14,10,10700.0
850,IGI,58,6,298,318860.0
851,IGI,58,37,25,26850.0
852,IGI,58,39,50,53730.0
853,IGI,58,47,200,214980.0
854,IGI,58,45,125,134375.0
855,IGI,58,45,175,188125.0
856,IGI,58,42,12,12900.0
857,IGI,58,6,1913,2056475.0
858,IGI,58,6,1000,1060000.0
859,IGI,58,6,1987,2110591.4
860,IGI,58,6,13,13808.6
861,IGI,58,6,8000,8520000.0
862,IGI,58,36,20,21498.0
863,IGI,58,6,180,193500.0
864,IGI,58,6,1400,1503600.0
865,IGI,58,44,390,416910.0
866,IGI,58,22,100,106900.0
867,IGI,58,52,10,10690.0
868,ILBS,58,58,10,13865.0
869,JBBL,58,36,60,24480.0
870,JBBL,58,45,30,12240.0
871,JBBL,58,4,15,6088.5
872,JBBL,58,14,15,6090.0
873,JBBL,58,36,10,4080.0
874,JBBL,58,58,82500,33495000.0
875,JBBL,58,28,50,20550.0
876,JBBL,58,45,35,14595.0
877,JBBL,58,38,150,62700.0
878,JBBL,58,6,150,62700.0
879,JBBL,58,28,50,20960.0
880,JBBL,58,39,50,20960.0
881,JBBL,58,4,50,21000.0
882,JBBL,58,4,70,29400.0
883,JBBL,58,14,100,42100.0
884,JBBL,58,28,350,147350.0
885,JBBL,58,52,63,26838.0
886,JBBL,58,57,10,4260.0
887,JBBL,58,6,27,11502.0
888,JBBL,58,19,40,16880.0
889,JBBL,58,43,55,23155.0
890,JBBL,58,25,180,76500.0
891,JBBL,58,45,100,42590.0
892,JBBL,58,57,10,4265.0
893,JBBL,58,38,60,25560.0
894,JBBL,58,34,40,17160.0
895,JBBL,58,40,100,42900.0
896,JBBL,58,42,30,12783.0
897,JBLB,58,41,10,44400.0
898,JBLB,58,56,30,133350.0
899,JBLB,58,58,10,44450.0
900,JBLB,58,35,10,44300.0
901,JBLB,58,54,10,44500.0
902,JBLB,58,49,10,44500.0
903,JBLB,58,4,10,44260.0
904,JBLB,58,25,20,89300.0
905,JBLB,58,25,60,267720.0
906,JBLB,58,49,10,44620.0
907,JBLB,58,28,10,44360.0
908,JBLB,58,34,50,221600.0
909,JBLB,58,34,70,310380.0
910,JBLB,58,4,10,44340.0
911,JBLB,58,18,10,44350.0
912,JBLB,58,19,30,133050.0
913,JBLB,58,35,20,88700.0
914,JBLB,58,35,44,195712.0
915,JBLB,58,6,10,44370.0
916,JFL,58,51,200,121400.0
917,JFL,58,21,100,61200.0
918,JFL,58,19,70,42910.0
919,JFL,58,58,30,18390.0
920,JFL,58,58,20,12260.0
921,JFL,58,33,10,6140.0
922,JLI,58,21,21,13148.1
923,JLI,58,35,10,6500.0
924,JOSHI,58,48,147,43673.7
925,JOSHI,58,33,153,45456.3
926,JOSHI,58,33,50,14850.0
927,JOSHI,58,14,50,14800.0
928,JOSHI,58,16,50,14850.0
929,JOSHI,58,52,15,4470.0
930,JOSHI,58,49,25,7425.0
931,JOSHI,58,38,1550,457250.0
932,JOSHI,58,43,100,29400.0
933,JOSHI,58,48,30,8850.0
934,JOSHI,58,48,50,14705.0
935,JOSHI,58,14,50,14675.0
936,JOSHI,58,55,20,5910.0
937,JOSHI,58,56,40,11820.0
938,JOSHI,58,49,50,14875.0
939,JOSHI,58,42,30,8910.0
940,JSLBB,58,13,20,57800.0
941,JSLBB,58,34,39,112710.0
942,JSLBB,58,25,41,118490.0
943,JSLBB,58,49,100,291000.0
944,JSLBB,58,32,14,41286.0
945,JSLBB,58,54,36,106200.0
946,JSLBB,58,58,20,59480.0
947,JSLBB,58,20,13,38480.0
948,KBL,58,44,140,35560.0
949,KBL,58,58,150,39465.0
950,KBL,58,55,110,28820.0
951,KBL,58,34,22,5786.0
952,KBL,58,10,100,26310.0
953,KBL,58,11,400,105240.0
954,KBL,58,38,10,2640.0
955,KBL,58,57,20,5306.0
956,KBL,58,17,50,13275.0
957,KBL,58,59,201,53365.5
958,KBL,58,56,250,66375.0
959,KBL,58,34,100,26550.0
960,KBL,58,54,379,100624.5
961,KBL,58,21,29,7714.0
962,KBL,58,20,71,18886.0
963,KBL,58,20,50,13250.0
964,KBL,58,20,100,26400.0
965,KBL,58,20,30,7920.0
966,KBL,58,10,75,20092.5
967,KBL,58,35,295,79060.0
968,KKHC,58,41,40,11040.0
969,KKHC,58,46,50,13900.0
970,KKHC,58,43,15,4140.0
971,KKHC,58,46,24,6672.0
972,KKHC,58,6,110,30690.0
973,KKHC,58,35,50,14000.0
974,KKHC,58,42,50,14050.0
975,KKHC,58,34,20,5620.0
976,KKHC,58,1,25,6975.0
977,KKHC,58,1,50,13850.0
978,KKHC,58,6,99,27571.5
979,KKHC,58,55,50,13950.0
980,KKHC,58,57,40,11200.0
981,KKHC,58,57,23,6440.0
982,KKHC,58,6,17,4760.0
983,KMCDB,58,45,150,193500.0
984,KMCDB,58,40,10,13170.0
985,KMCDB,58,8,50,65850.0
986,KMCDB,58,16,40,52680.0
987,KMCDB,58,21,15,19755.0
988,KMCDB,58,41,208,273520.0
989,KMCDB,58,29,50,65750.0
990,KMCDB,58,25,42,55230.0
991,KPCL,58,50,50,22295.0
992,KPCL,58,57,10,4450.0
993,KPCL,58,57,10,4400.0
994,KPCL,58,57,100,43620.0
995,KRBL,58,10,249,94620.0
996,KRBL,58,42,100,38600.0
997,KRBL,58,41,20,7730.0
998,KRBL,58,59,30,11700.0
999,KRBL,58,26,22,8753.8
1000,KRBL,58,41,100,39300.0
1001,KRBL,58,41,40,15720.0
1002,KSBBL,58,35,300,141000.0
1003,KSBBL,58,21,50,23255.0
1004,KSBBL,58,21,100,46500.0
1005,KSBBL,58,35,68,31824.0
1006,KSBBL,58,57,20,9400.0
1007,KSBBL,58,55,20,9400.0
1008,KSBBL,58,32,60,28200.0
1009,KSBBL,58,58,40,18840.0
1010,KSBBL,58,39,100,47400.0
1011,KSBBL,58,25,640,302720.0
1012,KSBBL,58,28,410,193930.0
1013,KSBBL,58,14,10,4720.0
1014,KSBBL,58,49,4,1864.0
1015,KSBBL,58,13,200,95420.0
1016,KSBBL,58,4,100,47800.0
1017,KSBBL,58,45,200,95800.0
1018,KSBBL,58,38,100,47900.0
1019,KSBBL,58,51,50,23950.0
1020,KSBBL,58,52,194,92926.0
1021,KSBBL,58,3,25,11975.0
1022,KSBBL,58,59,31,14849.0
1023,KSBBL,58,11,30,14457.0
1024,KSBBL,58,58,70,33740.0
1025,KSBBL,58,35,29,13978.0
1026,KSBBL,58,57,50,24100.0
1027,KSBBL,58,11,20,9640.0
1028,KSBBL,58,35,201,96882.0
1029,KSBBL,58,57,54,26136.0
1030,KSBBL,58,42,28,13552.0
1031,KSBBL,58,45,50,24200.0
1032,KSBBL,58,56,188,90992.0
1033,KSBBL,58,21,20,9680.0
1034,KSBBL,58,38,110,53240.0
1035,KSBBL,58,14,200,96800.0
1036,KSBBL,58,5,50,24200.0
1037,KSBBL,58,58,30,14520.0
1038,KSBBL,58,14,100,48430.0
1039,KSBBL,58,45,92,44555.6
1040,KSBBL,58,26,100,48430.0
1041,KSBBL,58,37,50,24215.0
1042,KSBBL,58,39,35,16957.5
1043,KSBBL,58,50,500,242250.0
1044,KSBBL,58,58,20,9700.0
1045,KSBBL,58,32,10,4870.0
1046,KSBBL,58,14,300,146400.0
1047,KSBBL,58,26,50,24400.0
1048,KSBBL,58,20,100,48800.0
1049,KSBBL,58,45,100,48900.0
1050,KSBBL,58,56,120,58800.0
1051,KSBBL,58,38,100,49000.0
1052,KSBBL,58,28,100,49000.0
1053,KSBBL,58,50,200,98000.0
1054,KSBBL,58,43,40,19600.0
1055,KSBBL,58,53,30,14700.0
1056,KSBBL,58,58,100,49000.0
1057,KSBBL,58,56,800,392000.0
1058,KSBBL,58,4,150,73500.0
1059,KSBBL,58,17,1000,490000.0
1060,KSBBL,58,49,1000,490000.0
1061,KSBBL,58,56,2173,1064770.0
1062,KSBBL,58,49,37,18093.0
1063,KSBBL,58,40,39,19032.0
1064,KSBBL,58,43,70,34300.0
1065,KSBBL,58,16,300,146700.0
1066,LBBL,58,34,200,94220.0
1067,LBBL,58,6,20,9504.0
1068,LBBL,58,32,10,4833.0
1069,LBBL,58,38,157,75925.2
1070,LBBL,58,57,100,47740.0
1071,LBBL,58,32,380,181298.0
1072,LBBL,58,32,100,47700.0
1073,LBBL,58,44,100,47710.0
1074,LBBL,58,8,40,19520.0
1075,LBBL,58,32,10,4880.0
1076,LBBL,58,14,50,24445.0
1077,LBBL,58,1,50,24445.0
1078,LBBL,58,36,60,29334.0
1079,LBBL,58,38,100,48900.0
1080,LBBL,58,21,1000,489000.0
1081,LBBL,58,50,100,48900.0
1082,LBBL,58,34,500,244500.0
1083,LBBL,58,45,90,44010.0
1084,LBBL,58,49,100,48800.0
1085,LBBL,58,34,200,98000.0
1086,LBBL,58,56,50,24850.0
1087,LBL,58,32,17,5185.0
1088,LBL,58,56,10,3040.0
1089,LBL,58,32,100,30200.0
1090,LBL,58,38,12,3685.2
1091,LBL,58,45,488,149864.8
1092,LBL,58,32,10,3080.0
1093,LEC,58,25,40,12600.0
1094,LEC,58,48,30,9300.0
1095,LEC,58,57,500,156500.0
1096,LGIL,58,40,10,7000.0
1097,LGIL,58,51,100,68600.0
1098,LGIL,58,40,50,34450.0
1099,LGIL,58,29,50,34400.0
1100,LGIL,58,51,534,368460.0
1101,LGIL,58,48,500,347500.0
1102,LGIL,58,36,10,7000.0
1103,LGIL,58,49,16,11168.0
1104,LGIL,58,56,20,13978.0
1105,LGIL,58,53,30,20790.0
1106,LGIL,58,29,50,34560.0
1107,LGIL,58,41,1,679.0
1108,LGIL,58,1,10,6987.0
1109,LGIL,58,52,89,62122.0
1110,LLBS,58,42,20,30940.0
1111,MBL,58,55,55,18260.0
1112,MBL,58,45,500,167700.0
1113,MBL,58,21,20,6710.0
1114,MBL,58,25,120,40260.0
1115,MBL,58,41,1000,335500.0
1116,MBL,58,55,500,168000.0
1117,MBL,58,57,2000,672000.0
1118,MBL,58,13,2000,672000.0
1119,MBL,58,57,1860,624960.0
1120,MBL,58,57,20,6760.0
1121,MBL,58,45,50,16900.0
1122,MBL,58,36,130,43940.0
1123,MBL,58,36,100,33800.0
1124,MBL,58,36,100,33500.0
1125,MBL,58,48,100,33810.0
1126,MBL,58,13,400,135240.0
1127,MBL,58,42,30,10170.0
1128,MDB,58,14,20,9370.0
1129,MDB,58,58,50,23250.0
1130,MDB,58,21,100,46770.0
1131,MDB,58,3,50,24150.0
1132,MDB,58,43,923,447655.0
1133,MDB,58,43,300,146400.0
1134,MDB,58,40,25,12225.0
1135,MDB,58,54,100,48990.0
1136,MDB,58,8,75,36750.0
1137,MDB,58,43,10,4850.0
1138,MDB,58,43,300,145500.0
1139,MEGA,58,55,388,114460.0
1140,MEGA,58,59,100,29500.0
1141,MEGA,58,25,112,33040.0
1142,MEGA,58,22,25,7425.0
1143,MEGA,58,45,193,57321.0
1144,MEGA,58,33,50,14850.0
1145,MEGA,58,45,50,14760.0
1146,MEGA,58,33,50,14760.0
1147,MEGA,58,33,10,2950.0
1148,MEGA,58,35,10,2940.0
1149,MEGA,58,22,40,11800.0
1150,MEGA,58,58,10,2950.0
1151,MEGA,58,57,480,143472.0
1152,MEGA,58,51,120,35880.0
1153,MEGA,58,16,300,89700.0
1154,MEGA,58,52,50,14950.0
1155,MEGA,58,57,16,4784.0
1156,MEGA,58,19,20,5980.0
1157,MEGA,58,50,500,149500.0
1158,MEGA,58,17,50,14950.0
1159,MEGA,58,17,500,149500.0
1160,MEGA,58,35,300,89850.0
1161,MEGA,58,14,34,10183.0
1162,MEGA,58,7,500,149900.0
1163,MEGA,58,48,206,61779.4
1164,MEGA,58,14,50,15000.0
1165,MEGA,58,26,2087,626100.0
1166,MEGA,58,32,500,150000.0
1167,MEGA,58,44,30,9000.0
1168,MEGA,58,26,200,60000.0
1169,MEGA,58,19,711,213300.0
1170,MEGA,58,38,50,15000.0
1171,MEGA,58,45,10,3000.0
1172,MEGA,58,57,10,3000.0
1173,MEGA,58,32,200,60000.0
1174,MEGA,58,42,120,36000.0
1175,MEGA,58,36,120,36000.0
1176,MEGA,58,29,50,15000.0
1177,MEGA,58,45,200,60000.0
1178,MEGA,58,13,100,30000.0
1179,MEGA,58,39,100,30000.0
1180,MEGA,58,35,1000,300000.0
1181,MEGA,58,20,10000,3000000.0
1182,MEGA,58,50,500,150000.0
1183,MEGA,58,41,19,5700.0
1184,MEGA,58,58,240,72000.0
1185,MEGA,58,57,150,45000.0
1186,MEGA,58,1,129,38700.0
1187,MEGA,58,26,348,104400.0
1188,MEGA,58,57,10,3020.0
1189,MEGA,58,21,33,9900.0
1190,MEGA,58,19,17,5100.0
1191,MEGA,58,44,600,180000.0
1192,MEGA,58,32,127,38100.0
1193,MEGA,58,44,373,111900.0
1194,MEGA,58,58,27,8097.3
1195,MEGA,58,44,50,14950.0
1196,MEGA,58,21,10,2995.0
1197,MEGA,58,38,15,4486.5
1198,MEGA,58,42,50,14955.0
1199,MEGA,58,34,20,5982.0
1200,MEGA,58,38,526,158273.4
1201,MEGA,58,48,100,30090.0
1202,MEGA,58,42,374,112536.6
1203,MEGA,58,4,60,18006.0
1204,MEGA,58,49,34,10234.0
1205,MEGA,58,34,19,5747.5
1206,MEGA,58,42,236,71295.6
1207,MEGA,58,39,119,35949.9
1208,MEGA,58,32,80,24280.0
1209,MEGA,58,14,45,13689.0
1210,MEGA,58,11,160,48640.0
1211,MEGA,58,11,150,45600.0
1212,MEGA,58,39,100,30400.0
1213,MEGA,58,33,615,186960.0
1214,MEGA,58,11,30,9096.0
1215,MEGA,58,6,130,39507.0
1216,MERO,58,53,15,16950.0
1217,MERO,58,52,50,55750.0
1218,MERO,58,33,10,11500.0
1219,MERO,58,14,10,11620.0
1220,MERO,58,13,11,12870.0
1221,MFIL,58,41,25,16500.0
1222,MFIL,58,36,30,19800.0
1223,MFIL,58,36,20,13200.0
1224,MFIL,58,41,22,14520.0
1225,MFIL,58,48,80,52320.0
1226,MFIL,58,55,10,6590.0
1227,MFIL,58,5,50,32900.0
1228,MFIL,58,5,274,180292.0
1229,MFIL,58,32,59,38940.0
1230,MFIL,58,36,26,17108.0
1231,MFIL,58,34,15,9855.0
1232,MFIL,58,52,60,39360.0
1233,MFIL,58,36,50,32800.0
1234,MFIL,58,8,30,19650.0
1235,MFIL,58,39,40,26320.0
1236,MFIL,58,51,100,65900.0
1237,MFIL,58,34,10,6550.0
1238,MFIL,58,58,50,32750.0
1239,MFIL,58,47,63,41265.0
1240,MFIL,58,44,50,32750.0
1241,MFIL,58,57,16,10480.0
1242,MFIL,58,39,21,13692.0
1243,MFIL,58,38,50,32650.0
1244,MFIL,58,5,20,13080.0
1245,MFIL,58,44,90,59040.0
1246,MFIL,58,36,110,72380.0
1247,MFIL,58,6,60,39480.0
1248,MFIL,58,55,20,13160.0
1249,MFIL,58,43,20,13146.0
1250,MFIL,58,55,20,13142.0
1251,MFIL,58,55,122,80276.0
1252,MFIL,58,55,141,92778.0
1253,MFIL,58,44,15,9855.0
1254,MFIL,58,45,50,32800.0
1255,MFIL,58,14,15,9855.0
1256,MFIL,58,4,105,68985.0
1257,MFIL,58,45,50,32850.0
1258,MFIL,58,5,50,32850.0
1259,MKJC,58,16,10,4200.0
1260,MKJC,58,58,132,55440.0
1261,MKJC,58,14,10,4230.0
1262,MKJC,58,47,10,4230.0
1263,MKJC,58,42,80,33928.0
1264,MKJC,58,47,10,4185.0
1265,MKJC,58,56,10,4185.0
1266,MKJC,58,58,10,4185.0
1267,MKJC,58,51,10,4185.0
1268,MKJC,58,40,10,4185.0
1269,MKJC,58,58,10,4185.0
1270,MKJC,58,7,10,4200.0
1271,MKJC,58,34,40,16804.0
1272,MKLB,58,25,20,27920.0
1273,MKLB,58,25,10,13960.0
1274,MLBBL,58,13,10,16800.0
1275,MLBBL,58,28,10,16839.0
1276,MLBL,58,18,10,4730.0
1277,MLBL,58,44,11,5214.0
1278,MLBL,58,58,89,42186.0
1279,MLBL,58,18,15,7155.0
1280,MLBL,58,59,40,19080.0
1281,MLBL,58,25,45,21465.0
1282,MLBL,58,52,50,23850.0
1283,MLBL,58,8,50,23850.0
1284,MLBL,58,21,90,42750.0
1285,MLBL,58,21,19,9025.0
1286,MLBL,58,45,10,4789.0
1287,MLBL,58,50,32,15360.0
1288,MLBL,58,50,150,71550.0
1289,MLBL,58,26,10,4860.0
1290,MLBL,58,28,100,49000.0
1291,MLBL,58,51,12,5988.0
1292,MLBL,58,11,100,49500.0
1293,MLBL,58,29,59,29028.0
1294,MLBS,58,19,10,13990.0
1295,MLBSL,58,6,35,126000.0
1296,MLBSL,58,6,10,35940.0
1297,MLBSL,58,51,20,71606.0
1298,MLBSL,58,35,10,35803.0
1299,MLBSL,58,50,10,35890.0
1300,MLBSL,58,59,14,50260.0
1301,MMFDB,58,58,15,20175.0
1302,MNBBL,58,44,10,5150.0
1303,MNBBL,58,25,75,38850.0
1304,MNBBL,58,49,10,5179.0
1305,MNBBL,58,58,40,20700.0
1306,MNBBL,58,41,22,11385.0
1307,MNBBL,58,32,15,7755.0
1308,MNBBL,58,42,85,43945.0
1309,MNBBL,58,1,10,5210.0
1310,MNBBL,58,53,50,26065.0
1311,MNBBL,58,46,30,15600.0
1312,MNBBL,58,46,10,5200.0
1313,MNBBL,58,46,492,255840.0
1314,MNBBL,58,14,40,21040.0
1315,MNBBL,58,14,10,5251.0
1316,MNBBL,58,46,10,5320.0
1317,MNBBL,58,34,50,26550.0
1318,MNBBL,58,42,15,7950.0
1319,MNBBL,58,42,50,26500.0
1320,MPFL,58,42,100,44500.0
1321,MPFL,58,59,48,21268.8
1322,MPFL,58,57,25,11077.5
1323,MPFL,58,51,20,8940.0
1324,MPFL,58,56,200,90000.0
1325,MPFL,58,40,100,45300.0
1326,MPFL,58,41,30,13785.0
1327,MPFL,58,38,50,22975.0
1328,MPFL,58,38,200,92800.0
1329,MSLB,58,58,10,15800.0
1330,NABBC,58,38,10,4960.0
1331,NABBC,58,34,10,4850.0
1332,NABBC,58,47,20,9640.0
1333,NABBC,58,51,300,147000.0
1334,NABBC,58,51,220,107822.0
1335,NABBC,58,58,50,24555.0
1336,NABIL,58,41,250,284750.0
1337,NABIL,58,13,50,56850.0
1338,NABIL,58,52,20,22740.0
1339,NABIL,58,33,20,22640.0
1340,NABIL,58,14,50,56500.0
1341,NABIL,58,47,10,11250.0
1342,NABIL,58,14,76,85120.0
1343,NABIL,58,1,10,11203.0
1344,NABIL,58,1,24,26880.0
1345,NABIL,58,53,15,16800.0
1346,NABIL,58,21,10,11200.0
1347,NABIL,58,58,17,19040.0
1348,NABIL,58,35,10,11190.0
1349,NABIL,58,35,20,22420.0
1350,NABIL,58,44,15,16800.0
1351,NABIL,58,35,30,33630.0
1352,NABIL,58,58,10,11250.0
1353,NABIL,58,58,32,36000.0
1354,NABIL,58,44,50,56400.0
1355,NABIL,58,35,250,282000.0
1356,NABIL,58,35,100,112500.0
1357,NABIL,58,58,20,22500.0
1358,NABIL,58,58,175,196875.0
1359,NABIL,58,58,10,11250.0
1360,NABIL,58,58,30,33750.0
1361,NABIL,58,45,20,22462.0
1362,NABIL,58,45,15,16846.5
1363,NABIL,58,36,85,95463.5
1364,NABIL,58,36,100,112400.0
1365,NABIL,58,35,18,20196.0
1366,NABIL,58,29,10,11210.0
1367,NABIL,58,22,187,209627.0
1368,NABIL,58,59,60,67230.0
1369,NABIL,58,35,10,11200.0
1370,NABIL,58,35,15,16800.0
1371,NABIL,58,34,10,11200.0
1372,NABIL,58,34,181,202720.0
1373,NABIL,58,34,20,22400.0
1374,NABIL,58,35,50,55950.0
1375,NABIL,58,35,20,22360.0
1376,NABIL,58,48,35,39235.0
1377,NABIL,58,16,20,22420.0
1378,NABIL,58,22,100,112210.0
1379,NABIL,58,48,50,56050.0
1380,NABIL,58,41,40,44840.0
1381,NABIL,58,52,21,23545.2
1382,NABIL,58,52,39,43719.0
1383,NABIL,58,11,10,11210.0
1384,NABIL,58,11,20,22404.0
1385,NABIL,58,34,10,11200.0
1386,NABIL,58,34,20,22400.0
1387,NABIL,58,48,58,65134.0
1388,NABIL,58,34,10,11220.0
1389,NABIL,58,34,10,11220.0
1390,NABIL,58,48,30,33690.0
1391,NABIL,58,49,65,72995.0
1392,NABIL,58,17,10,11231.0
1393,NABIL,58,48,10,11230.0
1394,NABIL,58,48,29,32567.0
1395,NABIL,58,48,445,499735.0
1396,NABIL,58,48,22,24706.0
1397,NABIL,58,17,35,39270.0
1398,NABIL,58,3,15,16830.0
1399,NABIL,58,57,100,112100.0
1400,NABIL,58,57,10,11210.0
1401,NABIL,58,57,15,16815.0
1402,NABIL,58,32,35,39203.5
1403,NABIL,58,32,20,22400.0
1404,NABIL,58,51,40,44800.0
1405,NABIL,58,17,55,61600.0
1406,NABIL,58,57,55,61600.0
1407,NABIL,58,57,193,216160.0
1408,NABIL,58,22,50,56100.0
1409,NABIL,58,54,20,22440.0
1410,NABIL,58,25,75,84187.5
1411,NABIL,58,48,255,286365.0
1412,NABIL,58,48,10,11230.0
1413,NABIL,58,48,50,56150.0
1414,NABIL,58,48,32,35936.0
1415,NABIL,58,43,18,20214.0
1416,NABIL,58,43,100,112300.0
1417,NABIL,58,43,20,22460.0
1418,NABIL,58,43,100,112300.0
1419,NABIL,58,43,15,16845.0
1420,NABIL,58,57,20,22460.0
1421,NABIL,58,58,30,33630.0
1422,NABIL,58,58,15,16815.0
1423,NABIL,58,43,10,11230.0
1424,NABIL,58,48,10,11240.0
1425,NABIL,58,35,43,48289.0
1426,NABIL,58,35,16,17968.0
1427,NABIL,58,35,51,57222.0
1428,NABIL,58,35,20,22420.0
1429,NABIL,58,35,337,377440.0
1430,NABIL,58,35,10,11200.0
1431,NABIL,58,35,25,28000.0
1432,NABIL,58,35,20,22400.0
1433,NABIL,58,35,10,11200.0
1434,NABIL,58,59,10,11230.0
1435,NABIL,58,32,30,33600.0
1436,NABIL,58,43,187,209814.0
1437,NABIL,58,43,10,11220.0
1438,NABIL,58,17,10,11219.0
1439,NABIL,58,49,222,248640.0
1440,NABIL,58,33,33,37009.5
1441,NABIL,58,5,50,56075.0
1442,NABIL,58,38,17,19065.5
1443,NABIL,58,43,10,11230.0
1444,NABIL,58,43,16,17952.0
1445,NABIL,58,43,21,23562.0
1446,NABIL,58,1,10,11212.0
1447,NABIL,58,32,10,11220.0
1448,NABIL,58,49,20,22400.0
1449,NABIL,58,49,100,112000.0
1450,NABIL,58,46,15,16830.0
1451,NABIL,58,58,500,560000.0
1452,NABIL,58,58,280,313600.0
1453,NABIL,58,58,12,13440.0
1454,NABIL,58,7,230,257600.0
1455,NABIL,58,45,10,11220.0
1456,NABIL,58,45,120,134640.0
1457,NABIL,58,7,210,235200.0
1458,NABIL,58,7,30,33600.0
1459,NABIL,58,45,100,112000.0
1460,NABIL,58,21,10,11202.0
1461,NABIL,58,21,80,89608.0
1462,NABIL,58,58,10,11200.0
1463,NABIL,58,58,10,11200.0
1464,NABIL,58,4,14,15680.0
1465,NABIL,58,45,11,12320.0
1466,NABIL,58,41,80,89600.0
1467,NABIL,58,41,5,5600.0
1468,NABIL,58,43,50,55975.0
1469,NABIL,58,58,620,693780.0
1470,NABIL,58,58,20,22380.0
1471,NABIL,58,58,20,22380.0
1472,NABIL,58,58,100,111900.0
1473,NABIL,58,58,500,559500.0
1474,NABIL,58,58,10,11190.0
1475,NABIL,58,48,20,22390.0
1476,NABIL,58,48,10,11190.0
1477,NABIL,58,19,10,11200.0
1478,NABIL,58,33,20,22380.0
1479,NABIL,58,45,50,56000.0
1480,NABIL,58,45,291,325920.0
1481,NABIL,58,43,149,166880.0
1482,NABIL,58,54,80,89520.0
1483,NABIL,58,42,25,27952.5
1484,NABIL,58,13,10,11180.0
1485,NABIL,58,13,11,12298.0
1486,NABIL,58,13,30,33540.0
1487,NABIL,58,58,20,22360.0
1488,NABIL,58,58,50,55900.0
1489,NABIL,58,34,20,22398.0
1490,NABIL,58,21,15,16800.0
1491,NABIL,58,21,20,22400.0
1492,NABIL,58,21,42,47040.0
1493,NABIL,58,32,200,223800.0
1494,NABIL,58,59,42,46998.0
1495,NBB,58,10,24,9696.0
1496,NBB,58,57,250,99250.0
1497,NBB,58,59,110,43670.0
1498,NBB,58,19,30,11910.0
1499,NBB,58,45,70,27853.0
1500,NBB,58,39,30,11937.0
1501,NBB,58,44,200,79500.0
1502,NBB,58,44,15,5956.5
1503,NBB,58,44,25,9927.5
1504,NBB,58,54,47,18663.7
1505,NBB,58,20,175,69650.0
1506,NBB,58,14,53,21046.3
1507,NBB,58,28,100,39600.0
1508,NBB,58,20,300,120300.0
1509,NBB,58,4,49,19551.0
1510,NBB,58,20,70,28070.0
1511,NBB,58,58,20,8000.0
1512,NBB,58,3,1662,664800.0
1513,NBB,58,55,66,26400.0
1514,NBB,58,37,2000,800000.0
1515,NBB,58,57,50,20000.0
1516,NBB,58,17,500,200000.0
1517,NBB,58,25,478,191200.0
1518,NBB,58,42,1822,730986.4
1519,NBB,58,29,500,200600.0
1520,NBB,58,4,350,140420.0
1521,NBB,58,45,20,8040.0
1522,NBB,58,45,74,29814.6
1523,NBB,58,42,30,12090.0
1524,NBB,58,51,16,6448.0
1525,NBB,58,49,180,72540.0
1526,NBB,58,28,100,40500.0
1527,NBB,58,28,50,20250.0
1528,NBB,58,29,26,10504.0
1529,NBB,58,10,130,52182.0
1530,NBB,58,5,15,6037.5
1531,NBB,58,41,10,4030.0
1532,NBB,58,28,20,8040.0
1533,NBB,58,26,40,16060.0
1534,NBB,58,45,100,40300.0
1535,NBB,58,48,20,8060.0
1536,NBB,58,26,30,12060.0
1537,NBB,58,26,30,12060.0
1538,NBB,58,43,50,20195.0
1539,NBB,58,7,250,100750.0
1540,NBB,58,7,510,205530.0
1541,NBB,58,38,50,20150.0
1542,NBB,58,45,20,8060.0
1543,NBB,58,35,100,40300.0
1544,NBB,58,21,70,28210.0
1545,NBB,58,33,200,80600.0
1546,NBB,58,17,100,40300.0
1547,NBB,58,38,1000,403000.0
1548,NBB,58,14,545,220071.0
1549,NBB,58,43,215,86838.5
1550,NBB,58,51,1940,783566.0
1551,NBB,58,38,2000,807000.0
1552,NBB,58,51,1060,428134.0
1553,NBB,58,25,1000,404000.0
1554,NBB,58,11,100,40400.0
1555,NBB,58,16,2900,1171600.0
1556,NBB,58,41,100,40400.0
1557,NBB,58,45,100,40400.0
1558,NBB,58,42,100,40400.0
1559,NBB,58,14,640,258560.0
1560,NBB,58,14,500,201250.0
1561,NBB,58,16,10,4030.0
1562,NBB,58,36,1500,606000.0
1563,NBB,58,38,330,132990.0
1564,NBB,58,38,670,269809.0
1565,NBB,58,33,450,181350.0
1566,NBB,58,25,830,334241.0
1567,NBB,58,48,100,40300.0
1568,NBB,58,48,100,40300.0
1569,NBB,58,48,1500,604500.0
1570,NBB,58,33,25,10075.0
1571,NBB,58,45,24,9672.0
1572,NBB,58,57,1000,403000.0
1573,NBB,58,6,900,362700.0
1574,NBB,58,13,25,10075.0
1575,NBB,58,36,20,8060.0
1576,NBB,58,25,2000,807600.0
1577,NBB,58,5,50,20200.0
1578,NBB,58,14,400,161600.0
1579,NBB,58,56,2000,808000.0
1580,NBB,58,45,200,80800.0
1581,NBB,58,29,350,141400.0
1582,NBB,58,14,911,367133.0
1583,NBB,58,45,89,35867.0
1584,NBB,58,38,150,60525.0
1585,NBB,58,57,340,137258.0
1586,NBB,58,57,142,57325.4
1587,NBB,58,14,1000,403200.0
1588,NBB,58,14,278,112061.8
1589,NBB,58,38,1000,404100.0
1590,NBB,58,35,722,291038.2
1591,NBL,58,49,10,3472.0
1592,NBL,58,44,20,7022.0
1593,NBL,58,56,10,3500.0
1594,NBL,58,47,100,34900.0
1595,NBL,58,44,50,17400.0
1596,NBL,58,57,45,15705.0
1597,NBL,58,19,234,82157.4
1598,NBL,58,44,200,71600.0
1599,NBL,58,44,200,71600.0
1600,NBL,58,44,20,7160.0
1601,NBL,58,57,85,30515.0
1602,NBL,58,44,266,94456.6
1603,NBL,58,6,100,35390.0
1604,NBL,58,44,100,35320.0
1605,NBL,58,35,80,28480.0
1606,NBL,58,44,26,9230.0
1607,NBL,58,44,20,7100.0
1608,NBL,58,44,200,71600.0
1609,NBL,58,44,1000,357200.0
1610,NBL,58,44,1700,606900.0
1611,NBL,58,6,95,34295.0
1612,NBL,58,34,200,72400.0
1613,NBL,58,41,50,18100.0
1614,NBL,58,59,10,3630.0
1615,NBL,58,11,65,23595.0
1616,NBL,58,47,55,20025.5
1617,NBL,58,59,20,7298.0
1618,NBL,58,21,125,45625.0
1619,NBL,58,56,19,6916.0
1620,NBL,58,37,90,32760.0
1621,NCCB,58,47,50,13450.0
1622,NCCB,58,50,10,2670.0
1623,NCCB,58,50,1770,472590.0
1624,NCCB,58,29,200,53400.0
1625,NCCB,58,13,30,8010.0
1626,NCCB,58,6,90,24120.0
1627,NCCB,58,14,100,27000.0
1628,NCCB,58,14,816,220320.0
1629,NCCB,58,46,300,81000.0
1630,NCCB,58,41,1000,270000.0
1631,NCCB,58,32,100,27000.0
1632,NCCB,58,45,94,25380.0
1633,NCCB,58,14,500,135000.0
1634,NCCB,58,20,500,135000.0
1635,NCCB,58,48,200,54200.0
1636,NCCB,58,44,100,27100.0
1637,NCCB,58,25,300,81300.0
1638,NCCB,58,32,50,13575.0
1639,NCCB,58,25,350,95060.0
1640,NCCB,58,25,150,40740.0
1641,NCCB,58,29,78,21192.6
1642,NCCB,58,34,50,13585.0
1643,NCCB,58,59,200,54340.0
1644,NCCB,58,51,122,33171.8
1645,NCCB,58,51,78,21208.2
1646,NCCB,58,4,22,5984.0
1647,NCCB,58,41,335,91823.5
1648,NCCB,58,59,165,45391.5
1649,NCCB,58,44,97,26772.0
1650,NCCB,58,38,1073,296148.0
1651,NCCB,58,56,427,117852.0
1652,NCCB,58,56,500,138000.0
1653,NCCB,58,44,20,5510.0
1654,NCCB,58,44,50,13785.0
1655,NCCB,58,44,400,110240.0
1656,NCCB,58,44,370,101972.0
1657,NCCB,58,58,10,2790.0
1658,NCCB,58,58,28,7812.0
1659,NCCB,58,58,25,6975.0
1660,NCCB,58,34,12,3324.0
1661,NCCB,58,37,300,83400.0
1662,NEF,58,41,200,2084.0
1663,NEF,58,54,500,5210.0
1664,NEF,58,41,300,3126.0
1665,NFS,58,58,20,10080.0
1666,NFS,58,49,10,5040.0
1667,NFS,58,45,70,35280.0
1668,NFS,58,33,70,35490.0
1669,NFS,58,49,19,9709.0
1670,NFS,58,45,15,7665.0
1671,NFS,58,58,10,5220.0
1672,NFS,58,48,179,93080.0
1673,NFS,58,58,127,66167.0
1674,NGPL,58,34,11,6583.5
1675,NGPL,58,14,19,11371.5
1676,NGPL,58,7,30,18270.0
1677,NGPL,58,1,392,244020.0
1678,NGPL,58,14,408,253980.0
1679,NGPL,58,41,20,12360.0
1680,NGPL,58,28,265,163531.5
1681,NGPL,58,38,10,6290.0
1682,NGPL,58,45,450,283500.0
1683,NGPL,58,45,20,12532.0
1684,NGPL,58,44,15,9399.0
1685,NGPL,58,29,50,31450.0
1686,NHDL,58,45,50,19250.0
1687,NHDL,58,41,10,3850.0
1688,NHDL,58,38,100,39000.0
1689,NHDL,58,44,10,3900.0
1690,NHDL,58,6,100,39100.0
1691,NHDL,58,56,60,23280.0
1692,NHDL,58,56,86,33110.0
1693,NHDL,58,28,200,79740.0
1694,NHPC,58,39,90,30690.0
1695,NHPC,58,57,60,20460.0
1696,NHPC,58,43,20,6838.0
1697,NHPC,58,20,15,5070.0
1698,NHPC,58,20,100,33600.0
1699,NHPC,58,28,63,21420.0
1700,NHPC,58,38,440,151800.0
1701,NHPC,58,16,30,10305.0
1702,NHPC,58,11,200,68600.0
1703,NHPC,58,6,200,68580.0
1704,NIBLPF,58,58,1000,10220.0
1705,NIBSF1,58,4,1000,12520.0
1706,NIBSF1,58,58,5000,62650.0
1707,NIBSF1,58,13,350,4385.5
1708,NIBSF2,58,36,100,894.0
1709,NICA,58,33,50,39000.0
1710,NICA,58,13,40,31400.0
1711,NICA,58,58,15,11775.0
1712,NICA,58,58,18,14130.0
1713,NICA,58,54,50,38850.0
1714,NICA,58,7,20,15680.0
1715,NICA,58,32,80,62800.0
1716,NICA,58,32,10,7780.0
1717,NICA,58,38,26,20407.4
1718,NICA,58,32,50,39250.0
1719,NICA,58,58,50,39245.0
1720,NICA,58,51,20,15680.0
1721,NICA,58,33,100,79650.0
1722,NICA,58,49,15,11914.5
1723,NICA,58,45,60,47700.0
1724,NICA,58,19,100,80200.0
1725,NICA,58,33,38,30438.0
1726,NICA,58,43,17,13618.7
1727,NICA,58,50,10,8049.0
1728,NICA,58,14,50,40055.0
1729,NICA,58,19,19,15276.0
1730,NICA,58,53,11,8855.0
1731,NICA,58,53,94,75670.0
1732,NICA,58,14,10,8050.0
1733,NICA,58,22,100,80500.0
1734,NICA,58,34,38,30590.0
1735,NICA,58,45,50,40250.0
1736,NICA,58,34,38,30590.0
1737,NICA,58,16,20,16104.0
1738,NICA,58,59,100,80500.0
1739,NICA,58,39,30,24207.0
1740,NICA,58,53,15,12090.0
1741,NICA,58,48,226,181952.6
1742,NICA,58,47,10,8051.0
1743,NICA,58,35,84,67628.4
1744,NICA,58,29,10,8050.0
1745,NICL,58,4,100,81000.0
1746,NICL,58,47,200,162000.0
1747,NICL,58,57,50,40600.0
1748,NICL,58,52,50,40600.0
1749,NICL,58,45,40,32520.0
1750,NICL,58,49,100,81310.0
1751,NICL,58,53,40,32400.0
1752,NICL,58,37,50,40500.0
1753,NICL,58,18,20,16180.0
1754,NICL,58,18,100,80800.0
1755,NICL,58,50,10,8072.0
1756,NICLBSL,58,49,20,24000.0
1757,NICLBSL,58,38,50,60050.0
1758,NICLBSL,58,18,50,59800.0
1759,NICLBSL,58,35,100,119700.0
1760,NICLBSL,58,6,10,12440.0
1761,NICLBSL,58,46,10,12449.0
1762,NICLBSL,58,11,10,12449.0
1763,NICLBSL,58,26,25,31125.0
1764,NICLBSL,58,41,10,12450.0
1765,NICLBSL,58,57,35,43575.0
1766,NICLBSL,58,41,15,18750.0
1767,NICLBSL,58,42,50,62500.0
1768,NICLBSL,58,58,35,43750.0
1769,NICLBSL,58,6,20,24940.0
1770,NICLBSL,58,29,10,12480.0
1771,NICLBSL,58,7,20,25000.0
1772,NICLBSL,58,20,20,24800.0
1773,NICLBSL,58,21,26,32240.0
1774,NICLBSL,58,39,50,62000.0
1775,NICLBSL,58,29,20,24800.0
1776,NICLBSL,58,36,32,39552.0
1777,NICLBSL,58,52,20,24720.0
1778,NICLBSL,58,42,48,59328.0
1779,NICLBSL,58,1,10,12320.0
1780,NICLBSL,58,34,42,51744.0
1781,NICLBSL,58,54,11,13464.0
1782,NICLBSL,58,50,102,126276.0
1783,NICLBSL,58,51,10,12390.0
1784,NICLBSL,58,11,40,49596.0
1785,NICLBSL,58,42,35,43050.0
1786,NICLBSL,58,38,70,86100.0
1787,NICLBSL,58,47,10,12300.0
1788,NICLBSL,58,39,30,36960.0
1789,NICLBSL,58,7,70,86170.0
1790,NICLBSL,58,59,10,12300.0
1791,NICLBSL,58,10,10,12300.0
1792,NICLBSL,58,10,10,12300.0
1793,NICLBSL,58,59,10,12300.0
1794,NICLBSL,58,18,10,12300.0
1795,NICLBSL,58,59,95,116850.0
1796,NICLBSL,58,29,10,12300.0
1797,NICLBSL,58,57,10,12300.0
1798,NICLBSL,58,57,10,12300.0
1799,NICLBSL,58,39,10,12300.0
1800,NICLBSL,58,39,10,12300.0
1801,NICLBSL,58,1,12,14760.0
1802,NICLBSL,58,49,10,12300.0
1803,NICLBSL,58,14,10,12300.0
1804,NICLBSL,58,50,50,62025.0
1805,NICLBSL,58,21,10,12300.0
1806,NICLBSL,58,38,10,12300.0
1807,NICLBSL,58,20,10,12300.0
1808,NICLBSL,58,56,20,24600.0
1809,NICLBSL,58,44,23,28290.0
1810,NICLBSL,58,44,27,33210.0
1811,NICLBSL,58,56,40,49200.0
1812,NICLBSL,58,14,233,286590.0
1813,NICLBSL,58,14,267,328410.0
1814,NICLBSL,58,11,10,12300.0
1815,NICLBSL,58,39,23,28290.0
1816,NICLBSL,58,39,10,12300.0
1817,NICLBSL,58,57,10,12300.0
1818,NICLBSL,58,39,10,12270.0
1819,NIFRA,58,6,10,2950.0
1820,NIFRA,58,11,10,2950.0
1821,NIFRA,58,44,10,2960.0
1822,NIFRA,58,38,20,5888.0
1823,NIFRA,58,38,30,8850.0
1824,NIFRA,58,14,60,17700.0
1825,NIFRA,58,41,10,2950.0
1826,NIFRA,58,44,100,29600.0
1827,NIFRA,58,34,10,2950.0
1828,NIFRA,58,6,17,4981.0
1829,NIFRA,58,43,20,5840.0
1830,NIFRA,58,53,50,14550.0
1831,NIFRA,58,53,30,8700.0
1832,NIFRA,58,18,50,14550.0
1833,NIFRA,58,43,20,5840.0
1834,NIFRA,58,47,10,2950.0
1835,NIFRA,58,51,30,8820.0
1836,NIFRA,58,3,5,1460.0
1837,NIFRA,58,56,209,61048.9
1838,NIFRA,58,53,291,85001.1
1839,NIFRA,58,58,10,2920.0
1840,NIFRA,58,56,50,14600.0
1841,NIFRA,58,57,50,14625.0
1842,NIFRA,58,56,60,17550.0
1843,NIFRA,58,25,90,26325.0
1844,NIFRA,58,33,100,29300.0
1845,NIFRA,58,21,40,11700.0
1846,NIFRA,58,43,50,14625.0
1847,NIFRA,58,58,50,14625.0
1848,NIFRA,58,19,50,14625.0
1849,NIFRA,58,45,14,4102.0
1850,NIFRA,58,22,60,17610.0
1851,NIFRA,58,36,60,17610.0
1852,NIFRA,58,38,50,14675.0
1853,NIFRA,58,10,167,49014.5
1854,NIFRA,58,10,10,2930.0
1855,NIFRA,58,5,10,2940.0
1856,NIFRA,58,42,200,58600.0
1857,NIFRA,58,29,5,1460.0
1858,NIFRA,58,42,10,2930.0
1859,NIFRA,58,58,50,14700.0
1860,NIFRA,58,49,50,14700.0
1861,NIFRA,58,38,30,8820.0
1862,NIFRA,58,58,10,2945.0
1863,NIFRA,58,44,20,5862.0
1864,NIFRA,58,57,10,2941.0
1865,NIFRA,58,57,60,17646.0
1866,NIFRA,58,43,25,7352.5
1867,NIFRA,58,43,10,2940.0
1868,NIFRA,58,43,30,8820.0
1869,NIFRA,58,32,25,7325.0
1870,NIFRA,58,32,15,4395.0
1871,NIFRA,58,42,60,17586.0
1872,NIFRA,58,41,40,11736.0
1873,NIFRA,58,43,20,5880.0
1874,NIFRA,58,8,50,14650.0
1875,NIFRA,58,40,20,5860.0
1876,NIFRA,58,53,11,3223.0
1877,NIFRA,58,53,10,2920.0
1878,NIFRA,58,53,39,11388.0
1879,NIFRA,58,53,40,11680.0
1880,NIFRA,58,47,30,8835.0
1881,NIFRA,58,35,500,147500.0
1882,NIFRA,58,44,10,2950.0
1883,NIFRA,58,42,100,29750.0
1884,NIFRA,58,54,50,14990.0
1885,NIFRA,58,42,100,29990.0
1886,NIFRA,58,22,350,104965.0
1887,NIFRA,58,21,50,14995.0
1888,NIFRA,58,39,100,30000.0
1889,NIFRA,58,40,110,33000.0
1890,NIFRA,58,45,150,45000.0
1891,NIFRA,58,25,120,36000.0
1892,NIFRA,58,56,50,15000.0
1893,NIFRA,58,41,920,276000.0
1894,NIFRA,58,35,95,28500.0
1895,NIFRA,58,45,50,15000.0
1896,NIFRA,58,59,20,6000.0
1897,NIFRA,58,33,50,15100.0
1898,NIFRA,58,33,50,15045.0
1899,NIFRA,58,33,200,60900.0
1900,NIFRA,58,17,30,9150.0
1901,NIFRA,58,38,500,153500.0
1902,NIFRA,58,7,50,15400.0
1903,NIFRA,58,58,50,15500.0
1904,NIFRA,58,57,120,37320.0
1905,NIFRA,58,49,13,4121.0
1906,NIFRA,58,6,37,11762.3
1907,NIFRA,58,56,10,3160.0
1908,NIL,58,21,80,96800.0
1909,NIL,58,17,98,118090.0
1910,NIL,58,6,200,240800.0
1911,NIL,58,33,40,48080.0
1912,NIL,58,51,200,240000.0
1913,NIL,58,41,180,216000.0
1914,NIL,58,34,10,12000.0
1915,NIL,58,51,10,12000.0
1916,NIL,58,39,45,53775.0
1917,NLBBL,58,22,10,11330.0
1918,NLBBL,58,6,10,11200.0
1919,NLBBL,58,6,100,112000.0
1920,NLBBL,58,34,10,11360.0
1921,NLBBL,58,47,40,45440.0
1922,NLG,58,51,20,17700.0
1923,NLIC,58,45,30,45900.0
1924,NLIC,58,36,250,382000.0
1925,NLIC,58,38,30,46200.0
1926,NLIC,58,50,50,77000.0
1927,NLIC,58,35,25,38575.0
1928,NLIC,58,44,120,185040.0
1929,NLIC,58,35,141,216999.0
1930,NLIC,58,45,50,76950.0
1931,NLIC,58,17,100,153500.0
1932,NLIC,58,17,30,46050.0
1933,NLIC,58,17,15,23025.0
1934,NLIC,58,28,60,92400.0
1935,NLIC,58,32,40,61680.0
1936,NLIC,58,26,50,77100.0
1937,NLIC,58,57,100,154000.0
1938,NLIC,58,7,200,308200.0
1939,NLIC,58,6,100,154200.0
1940,NLIC,58,56,15,23130.0
1941,NLIC,58,14,17,26231.0
1942,NLIC,58,49,50,77150.0
1943,NLIC,58,43,50,77150.0
1944,NLIC,58,17,500,772000.0
1945,NLIC,58,43,70,108080.0
1946,NLIC,58,50,15,23160.0
1947,NLIC,58,48,983,1518735.0
1948,NLIC,58,48,2000,3090000.0
1949,NLICL,58,34,97,95642.0
1950,NLICL,58,47,30,29940.0
1951,NLICL,58,34,50,49450.0
1952,NMB,58,35,200,66460.0
1953,NMB,58,21,30,10044.0
1954,NMB,58,56,70,23450.0
1955,NMB,58,52,127,42418.0
1956,NMB,58,45,10,3403.0
1957,NMB,58,6,70,23863.0
1958,NMB,58,16,100,33810.0
1959,NMB,58,16,200,67600.0
1960,NMB,58,16,15,5070.0
1961,NMB,58,16,75,25350.0
1962,NMB,58,16,925,313575.0
1963,NMB,58,45,795,271095.0
1964,NMB,58,51,141,48081.0
1965,NMB,58,49,250,86500.0
1966,NMB,58,14,720,247680.0
1967,NMB,58,14,300,102900.0
1968,NMB,58,42,200,68600.0
1969,NMB,58,34,60,21180.0
1970,NMB,58,41,10,3520.0
1971,NMB,58,41,15,5280.0
1972,NMB,58,28,50,17500.0
1973,NMB,58,28,15,5250.0
1974,NMB,58,38,15,5266.5
1975,NMB,58,47,150,52665.0
1976,NMB,58,49,30,10560.0
1977,NMB,58,44,70,24640.0
1978,NMB,58,42,64,22752.0
1979,NMB,58,40,135,47803.5
1980,NMB,58,40,25,8852.5
1981,NMB,58,40,500,177000.0
1982,NMB,58,38,10,3540.0
1983,NMBMF,58,48,50,55500.0
1984,NMBMF,58,1,10,11100.0
1985,NMBMF,58,44,25,27675.0
1986,NMBMF,58,56,100,110600.0
1987,NMFBS,58,58,10,33800.0
1988,NMFBS,58,42,50,171300.0
1989,NMFBS,58,36,10,34110.0
1990,NMFBS,58,48,66,225720.0
1991,NMFBS,58,58,9,30690.0
1992,NMFBS,58,45,17,59279.0
1993,NMFBS,58,38,11,38379.0
1994,NMFBS,58,49,19,66310.0
1995,NMFBS,58,45,10,34990.0
1996,NMFBS,58,33,58,201387.6
1997,NMFBS,58,13,10,34790.0
1998,NMFBS,58,33,10,34940.0
1999,NMFBS,58,26,18,62892.0
2000,NMFBS,58,44,10,34900.0
2001,NMFBS,58,33,100,349000.0
2002,NMFBS,58,57,29,101210.0
2003,NRIC,58,48,40,45840.0
2004,NRIC,58,22,19,21964.0
2005,NRIC,58,16,50,58050.0
2006,NRIC,58,44,60,69540.0
2007,NRIC,58,57,10,11570.0
2008,NRIC,58,57,75,86775.0
2009,NRIC,58,22,25,28950.0
2010,NRIC,58,38,50,57600.0
2011,NRIC,58,38,100,115200.0
2012,NRIC,58,49,35,40320.0
2013,NRIC,58,49,40,46040.0
2014,NRIC,58,25,60,69060.0
2015,NRIC,58,47,80,92320.0
2016,NRIC,58,14,50,57700.0
2017,NRIC,58,59,50,57700.0
2018,NRIC,58,50,20,23080.0
2019,NRIC,58,57,30,34650.0
2020,NRN,58,29,10,5610.0
2021,NRN,58,10,10,5610.0
2022,NRN,58,1,10,5610.0
2023,NRN,58,22,10,5610.0
2024,NRN,58,17,340,192780.0
2025,NRN,58,28,95,53865.0
2026,NRN,58,16,10,5670.0
2027,NRN,58,58,10,5670.0
2028,NRN,58,55,50,28445.0
2029,NRN,58,38,100,56900.0
2030,NRN,58,37,340,193800.0
2031,NRN,58,34,500,285000.0
2032,NRN,58,41,20,11400.0
2033,NRN,58,50,110,62700.0
2034,NRN,58,38,200,114000.0
2035,NRN,58,38,200,114000.0
2036,NRN,58,51,10,5700.0
2037,NRN,58,14,10,5700.0
2038,NRN,58,17,1000,570000.0
2039,NRN,58,11,200,114200.0
2040,NRN,58,58,10,5710.0
2041,NRN,58,39,100,57100.0
2042,NRN,58,34,40,22840.0
2043,NRN,58,58,10,5720.0
2044,NRN,58,29,10,5720.0
2045,NRN,58,37,500,286000.0
2046,NRN,58,37,500,286000.0
2047,NRN,58,58,10,5720.0
2048,NRN,58,57,620,354640.0
2049,NRN,58,45,10,5730.0
2050,NRN,58,44,10,5770.0
2051,NRN,58,19,20,11580.0
2052,NRN,58,29,10,5790.0
2053,NRN,58,4,10,5800.0
2054,NRN,58,45,10,5800.0
2055,NRN,58,6,10,5803.0
2056,NRN,58,55,10,5810.0
2057,NRN,58,38,10,5700.0
2058,NRN,58,22,10,5790.0
2059,NSLB,58,34,10,13011.0
2060,NTC,58,25,50,64650.0
2061,NTC,58,28,23,30291.0
2062,NTC,58,58,4000,5252000.0
2063,NTC,58,58,400,525200.0
2064,NTC,58,36,18,23490.0
2065,NTC,58,36,10,13050.0
2066,NTC,58,32,100,130630.0
2067,NTC,58,17,75,98700.0
2068,NUBL,58,33,50,60675.0
2069,NUBL,58,32,10,12179.0
2070,NUBL,58,25,10,12180.0
2071,NUBL,58,45,85,105315.0
2072,NUBL,58,14,20,24680.0
2073,NUBL,58,7,10,12350.0
2074,NUBL,58,21,10,12340.0
2075,NUBL,58,21,20,24680.0
2076,NUBL,58,21,370,456580.0
2077,NUBL,58,47,403,497302.0
2078,NUBL,58,14,49,60417.0
2079,NUBL,58,47,97,119698.0
2080,NUBL,58,35,10,12340.0
2081,NUBL,58,42,25,30850.0
2082,NUBL,58,36,10,12341.0
2083,NUBL,58,56,309,381615.0
2084,NUBL,58,33,20,24640.0
2085,NUBL,58,17,30,36750.0
2086,NUBL,58,59,11,13486.0
2087,NUBL,58,49,14,17164.0
2088,NUBL,58,33,40,49000.0
2089,NUBL,58,33,50,61250.0
2090,NUBL,58,14,18,22032.0
2091,NUBL,58,57,20,24540.0
2092,NUBL,58,36,35,42840.0
2093,NUBL,58,52,15,18360.0
2094,NYADI,58,1,10,3730.0
2095,NYADI,58,26,10,3740.0
2096,NYADI,58,54,10,3740.0
2097,NYADI,58,45,10,3740.0
2098,NYADI,58,36,10,3740.0
2099,NYADI,58,45,10,3710.0
2100,NYADI,58,8,10,3710.0
2101,NYADI,58,29,10,3710.0
2102,NYADI,58,49,10,3710.0
2103,NYADI,58,47,10,3710.0
2104,NYADI,58,47,50,18550.0
2105,NYADI,58,34,10,3800.0
2106,NYADI,58,45,10,3840.0
2107,OHL,58,50,10,4680.0
2108,PCBL,58,39,65,22555.0
2109,PCBL,58,22,100,34800.0
2110,PCBL,58,6,20,6960.0
2111,PCBL,58,21,100,34750.0
2112,PCBL,58,46,15,5235.0
2113,PCBL,58,49,35,12215.0
2114,PCBL,58,7,150,53265.0
2115,PCBL,58,19,250,89500.0
2116,PCBL,58,34,50,17755.0
2117,PCBL,58,8,465,166516.5
2118,PCBL,58,22,720,259200.0
2119,PCBL,58,22,77,27720.0
2120,PCBL,58,6,23,8280.0
2121,PCBL,58,34,35,12638.5
2122,PCBL,58,35,100,36000.0
2123,PCBL,58,34,50,18075.0
2124,PCBL,58,53,50,18025.0
2125,PCBL,58,33,16,5760.0
2126,PCBL,58,36,300,108000.0
2127,PCBL,58,14,100,36000.0
2128,PCBL,58,6,50,18000.0
2129,PCBL,58,34,50,18000.0
2130,PCBL,58,33,40,14436.0
2131,PCBL,58,17,50,17950.0
2132,PFL,58,49,10,4720.0
2133,PFL,58,28,47,22184.0
2134,PFL,58,55,10,4739.0
2135,PFL,58,51,200,93000.0
2136,PFL,58,42,13,6045.0
2137,PFL,58,4,55,25575.0
2138,PFL,58,11,42,19614.0
2139,PFL,58,43,15,7050.0
2140,PFL,58,34,85,39950.0
2141,PFL,58,49,250,117500.0
2142,PFL,58,17,39,18404.1
2143,PFL,58,35,31,14632.0
2144,PFL,58,1,100,47200.0
2145,PFL,58,54,90,42480.0
2146,PFL,58,42,400,188800.0
2147,PFL,58,58,20,9448.0
2148,PFL,58,14,50,23625.0
2149,PFL,58,6,20,9460.0
2150,PFL,58,50,10,4720.0
2151,PFL,58,38,40,18900.0
2152,PFL,58,57,33,15592.5
2153,PFL,58,49,100,47250.0
2154,PFL,58,49,15,7087.5
2155,PIC,58,13,19,18886.0
2156,PIC,58,13,19,18905.0
2157,PIC,58,58,10,9960.0
2158,PICL,58,10,54,36180.0
2159,PICL,58,6,46,30820.0
2160,PICL,58,6,100,67100.0
2161,PICL,58,51,100,68000.0
2162,PICL,58,34,105,70465.5
2163,PLI,58,6,10,5990.0
2164,PLI,58,55,10,5990.0
2165,PLI,58,55,10,5990.0
2166,PLI,58,58,10,5999.0
2167,PLI,58,49,77,46200.0
2168,PLI,58,45,10,6000.0
2169,PLI,58,42,10,6000.0
2170,PLI,58,52,10,6000.0
2171,PLI,58,14,10,6000.0
2172,PLI,58,42,10,6000.0
2173,PLI,58,6,10,6000.0
2174,PLI,58,42,10,6000.0
2175,PLI,58,13,10,6000.0
2176,PLI,58,7,10,6000.0
2177,PLI,58,42,10,6000.0
2178,PLI,58,4,200,120000.0
2179,PLIC,58,14,50,35105.0
2180,PMHPL,58,39,10,3090.0
2181,PMHPL,58,32,60,18540.0
2182,PMHPL,58,43,54,16740.0
2183,PMHPL,58,51,105,33232.5
2184,PPCL,58,14,10,4442.0
2185,PPCL,58,41,10,4442.0
2186,PPCL,58,41,10,4442.0
2187,PPCL,58,58,75,33465.0
2188,PRIN,58,37,10,8219.0
2189,PROFL,58,57,14,4872.0
2190,PROFL,58,48,150,52425.0
2191,PROFL,58,45,100,35400.0
2192,PROFL,58,38,20,7360.0
2193,PROFL,58,38,20,7360.0
2194,PRVU,58,16,20,6258.0
2195,PRVU,58,43,500,155600.0
2196,PRVU,58,37,85,26987.5
2197,PRVU,58,41,15,4762.5
2198,PRVU,58,44,1000,317000.0
2199,PRVU,58,41,50,15875.0
2200,PRVU,58,11,100,31700.0
2201,PRVU,58,41,200,63500.0
2202,PRVU,58,16,500,159950.0
2203,PRVU,58,17,700,224000.0
2204,PRVU,58,44,200,64000.0
2205,PRVU,58,44,200,64000.0
2206,PRVU,58,45,20,6400.0
2207,PRVU,58,50,192,61440.0
2208,PRVU,58,32,88,28160.0
2209,PRVU,58,57,250,79500.0
2210,PRVU,58,33,19,6061.0
2211,PRVU,58,49,100,32000.0
2212,PRVU,58,49,50,16200.0
2213,PRVU,58,39,50,16200.0
2214,PRVU,58,17,170,55080.0
2215,PRVU,58,56,100,32200.0
2216,PRVU,58,45,10,3235.0
2217,PRVU,58,17,490,158760.0
2218,PRVU,58,17,80,25840.0
2219,PRVU,58,10,30,9720.0
2220,PRVU,58,22,100,32580.0
2221,PRVU,58,13,12,3900.0
2222,PRVU,58,42,38,12350.0
2223,RADHI,58,45,100,55400.0
2224,RADHI,58,47,110,61380.0
2225,RADHI,58,19,100,55800.0
2226,RADHI,58,32,10,5580.0
2227,RADHI,58,42,13,7254.0
2228,RADHI,58,47,90,50220.0
2229,RADHI,58,58,100,55800.0
2230,RADHI,58,25,77,42966.0
2231,RADHI,58,38,20,11220.0
2232,RADHI,58,58,100,56400.0
2233,RADHI,58,55,80,45128.0
2234,RADHI,58,48,30,16950.0
2235,RADHI,58,33,45,25645.5
2236,RADHI,58,21,65,36855.0
2237,RADHI,58,49,65,37050.0
2238,RADHI,58,28,10,5700.0
2239,RADHI,58,28,60,34200.0
2240,RADHI,58,43,100,56400.0
2241,RADHI,58,57,20,11260.0
2242,RADHI,58,34,10,5650.0
2243,RADHI,58,25,50,28150.0
2244,RADHI,58,59,20,11250.0
2245,RADHI,58,21,43,24209.0
2246,RADHI,58,5,30,16950.0
2247,RADHI,58,59,105,59325.0
2248,RHPL,58,25,150,53550.0
2249,RHPL,58,41,100,35800.0
2250,RHPL,58,52,45,16110.0
2251,RHPL,58,49,85,30430.0
2252,RHPL,58,16,86,30788.0
2253,RHPL,58,34,500,179000.0
2254,RHPL,58,37,1000,358900.0
2255,RHPL,58,45,30,10767.0
2256,RHPL,58,45,150,53835.0
2257,RHPL,58,28,100,35890.0
2258,RHPL,58,3,500,179500.0
2259,RHPL,58,6,2500,897500.0
2260,RHPL,58,38,754,271138.4
2261,RHPL,58,29,30,10593.0
2262,RHPL,58,42,50,17655.0
2263,RHPL,58,45,20,7120.0
2264,RHPL,58,58,30,10770.0
2265,RHPL,58,42,30,10650.0
2266,RHPL,58,42,50,17750.0
2267,RHPL,58,46,10,3570.0
2268,RHPL,58,26,10,3570.0
2269,RHPL,58,49,10,3579.0
2270,RHPL,58,49,1000,357900.0
2271,RHPL,58,49,990,354321.0
2272,RHPL,58,50,500,178950.0
2273,RHPL,58,6,10,3580.0
2274,RHPL,58,45,50,17750.0
2275,RHPL,58,13,400,144400.0
2276,RHPL,58,58,100,36100.0
2277,RHPL,58,39,50,18050.0
2278,RHPL,58,43,40,14524.0
2279,RHPL,58,39,100,36310.0
2280,RHPL,58,45,70,25480.0
2281,RHPL,58,50,500,182500.0
2282,RHPL,58,49,200,73000.0
2283,RHPL,58,40,90,32850.0
2284,RHPL,58,41,10,3595.0
2285,RLFL,58,45,340,159936.0
2286,RLFL,58,5,160,75264.0
2287,RLFL,58,59,15,6975.0
2288,RLFL,58,17,35,16142.0
2289,RLFL,58,32,50,22795.0
2290,RLFL,58,57,57,25997.7
2291,RLFL,58,57,48,21883.2
2292,RLFL,58,36,10,4630.0
2293,RLFL,58,13,40,18936.0
2294,RLFL,58,35,30,14040.0
2295,RLFL,58,49,25,11700.0
2296,RLFL,58,17,30,13860.0
2297,RLFL,58,11,30,13950.0
2298,RLFL,58,20,70,32550.0
2299,RLFL,58,17,100,47100.0
2300,RLFL,58,6,235,110238.5
2301,RLFL,58,28,50,23455.0
2302,RLFL,58,43,50,23455.0
2303,RLFL,58,59,165,77401.5
2304,RLFL,58,50,67,31490.0
2305,RLFL,58,28,50,23500.0
2306,RLFL,58,50,83,39010.0
2307,RLFL,58,45,20,9420.0
2308,RLFL,58,57,180,84798.0
2309,RLFL,58,45,22,10450.0
2310,RLI,58,53,10,5220.0
2311,RLI,58,33,10,5220.0
2312,RLI,58,46,10,5220.0
2313,RLI,58,18,10,5220.0
2314,RLI,58,41,20,10440.0
2315,RLI,58,11,10,5220.0
2316,RLI,58,18,10,5220.0
2317,RLI,58,39,10,5220.0
2318,RLI,58,52,10,5220.0
2319,RLI,58,41,10,5300.0
2320,RLI,58,38,20,10600.0
2321,RLI,58,1,10,5320.0
2322,RLI,58,21,10,5335.0
2323,RLI,58,58,10,5350.0
2324,RLI,58,42,10,5289.0
2325,RLI,58,33,290,153410.0
2326,RLI,58,55,30,15900.0
2327,RMDC,58,45,23,28405.0
2328,RMDC,58,34,10,12300.0
2329,RSDC,58,16,30,23400.0
2330,RSDC,58,21,50,40750.0
2331,RSDC,58,6,25,20400.0
2332,RSDC,58,45,100,83000.0
2333,RSDC,58,13,15,12375.0
2334,RSDC,58,25,30,24210.0
2335,RSDC,58,25,100,80700.0
2336,RSDC,58,58,50,40800.0
2337,RSDC,58,17,40,32640.0
2338,RSDC,58,25,10,8170.0
2339,RSDC,58,45,191,157193.0
2340,RSDC,58,46,10,8250.0
2341,RSDC,58,21,10,8300.0
2342,RSDC,58,17,10,8280.0
2343,RSDC,58,21,10,8220.0
2344,RSDC,58,49,10,8250.0
2345,RURU,58,35,20,18240.0
2346,RURU,58,58,10,9120.0
2347,RURU,58,57,45,41040.0
2348,RURU,58,20,30,27240.0
2349,SABSL,58,18,12,16560.0
2350,SABSL,58,22,30,41400.0
2351,SABSL,58,44,60,82800.0
2352,SABSL,58,7,10,13900.0
2353,SABSL,58,34,10,13909.0
2354,SABSL,58,41,50,69550.0
2355,SABSL,58,49,50,69550.0
2356,SABSL,58,14,135,187812.0
2357,SABSL,58,52,11,15303.2
2358,SABSL,58,35,10,13920.0
2359,SABSL,58,42,15,21000.0
2360,SADBL,58,52,50,17260.0
2361,SADBL,58,58,20,6904.0
2362,SADBL,58,22,30,10500.0
2363,SADBL,58,54,100,35000.0
2364,SADBL,58,41,24,8316.0
2365,SADBL,58,28,20,7010.0
2366,SADBL,58,33,130,46930.0
2367,SADBL,58,35,39,14079.0
2368,SADBL,58,50,131,47291.0
2369,SAHAS,58,45,10,5410.0
2370,SAHAS,58,58,10,5400.0
2371,SAHAS,58,17,10,5460.0
2372,SAHAS,58,42,10,5460.0
2373,SAHAS,58,17,10,5508.0
2374,SAHAS,58,42,10,5508.0
2375,SAHAS,58,47,57,31395.6
2376,SAHAS,58,36,10,5510.0
2377,SAHAS,58,22,10,5510.0
2378,SAHAS,58,14,10,5422.0
2379,SAHAS,58,25,10,5422.0
2380,SAHAS,58,59,10,5422.0
2381,SAHAS,58,43,10,5422.0
2382,SAHAS,58,51,10,5430.0
2383,SAHAS,58,56,10,5480.0
2384,SAHAS,58,29,10,5559.0
2385,SAHAS,58,44,290,161211.0
2386,SAHAS,58,57,10,5555.0
2387,SAHAS,58,8,10,5555.0
2388,SAHAS,58,25,20,11110.0
2389,SAHAS,58,58,10,5555.0
2390,SAHAS,58,16,10,5570.0
2391,SAHAS,58,55,10,5570.0
2392,SAHAS,58,49,10,5570.0
2393,SAHAS,58,47,10,5570.0
2394,SAHAS,58,13,10,5570.0
2395,SAHAS,58,44,10,5570.0
2396,SAHAS,58,22,200,111580.0
2397,SAHAS,58,43,100,55790.0
2398,SAHAS,58,6,10,5579.0
2399,SAHAS,58,45,10,5579.0
2400,SAHAS,58,17,10,5579.0
2401,SAHAS,58,58,10,5579.0
2402,SAHAS,58,53,10,5579.0
2403,SAHAS,58,25,20,11158.0
2404,SAHAS,58,49,10,5579.0
2405,SAHAS,58,38,10,5579.0
2406,SAHAS,58,40,10,5579.0
2407,SAHAS,58,39,10,5579.0
2408,SAHAS,58,55,10,5579.0
2409,SAHAS,58,39,10,5579.0
2410,SAHAS,58,21,10,5579.0
2411,SANIMA,58,42,43,15781.0
2412,SANIMA,58,17,200,74200.0
2413,SANIMA,58,25,10,3790.0
2414,SANIMA,58,14,46,17388.0
2415,SANIMA,58,49,3,1116.0
2416,SANIMA,58,10,20,7620.0
2417,SANIMA,58,25,50,19150.0
2418,SANIMA,58,49,20,7638.0
2419,SAPDBL,58,57,50,15750.0
2420,SBCF,58,38,100,860.0
2421,SBCF,58,10,100,860.0
2422,SBCF,58,28,125,1063.75
2423,SBCF,58,28,200,1702.0
2424,SBCF,58,59,1000,8660.0
2425,SBI,58,32,1800,639000.0
2426,SBI,58,7,38,13756.0
2427,SBI,58,25,10,3700.0
2428,SBI,58,11,70,25550.0
2429,SBI,58,50,20,7400.0
2430,SBI,58,57,80,29600.0
2431,SBI,58,59,100,37700.0
2432,SBI,58,42,50,18850.0
2433,SBI,58,33,30,11322.0
2434,SBI,58,32,20,7548.0
2435,SBI,58,44,10,3774.0
2436,SBI,58,5,95,35910.0
2437,SBI,58,16,695,262710.0
2438,SBI,58,16,305,115290.0
2439,SBI,58,28,495,187110.0
2440,SBI,58,57,10,3750.0
2441,SBI,58,57,930,345495.0
2442,SBI,58,57,1000,370500.0
2443,SBI,58,45,42,15561.0
2444,SBI,58,47,30,11550.0
2445,SBI,58,47,500,192500.0
2446,SBI,58,8,426,164393.4
2447,SBI,58,17,50,19295.0
2448,SBI,58,38,24,9261.6
2449,SBI,58,41,10,3859.0
2450,SBI,58,41,211,81424.9
2451,SBL,58,49,40,16800.0
2452,SBL,58,19,100,42900.0
2453,SBL,58,56,20,8580.0
2454,SBL,58,56,30,12870.0
2455,SBL,58,46,100,42810.0
2456,SBL,58,50,3500,1535800.0
2457,SBL,58,47,100,44090.0
2458,SBL,58,46,82,36162.0
2459,SBL,58,40,16,7056.0
2460,SBL,58,47,100,44100.0
2461,SBL,58,58,122,54656.0
2462,SBL,58,7,78,35022.0
2463,SBL,58,51,40,18040.0
2464,SBL,58,51,148,66748.0
2465,SBL,58,53,52,23452.0
2466,SBL,58,58,60,27060.0
2467,SBL,58,21,220,99220.0
2468,SBL,58,21,100,45100.0
2469,SCB,58,41,21,9681.0
2470,SCB,58,11,100,50800.0
2471,SCB,58,19,100,50800.0
2472,SCB,58,25,21,10668.0
2473,SCB,58,41,57,28500.0
2474,SCB,58,20,50,25000.0
2475,SCB,58,42,50,25000.0
2476,SCB,58,19,43,21500.0
2477,SCB,58,19,27,13500.0
2478,SCB,58,13,773,387273.0
2479,SCB,58,13,227,113727.0
2480,SCB,58,58,673,337173.0
2481,SCB,58,58,127,63627.0
2482,SCB,58,54,15,7560.0
2483,SCB,58,48,35,17657.5
2484,SCB,58,45,14,7000.0
2485,SCB,58,4,50,24900.0
2486,SDLBSL,58,11,20,25980.0
2487,SDLBSL,58,29,100,130490.0
2488,SDLBSL,58,59,45,58950.0
2489,SDLBSL,58,50,11,14465.0
2490,SDLBSL,58,10,100,131700.0
2491,SDLBSL,58,34,376,496320.0
2492,SDLBSL,58,21,40,52800.0
2493,SDLBSL,58,58,28,36960.0
2494,SDLBSL,58,57,20,26500.0
2495,SFCL,58,41,15,5325.0
2496,SFCL,58,41,10,3541.0
2497,SFCL,58,17,70,24780.0
2498,SFCL,58,6,30,10500.0
2499,SFCL,58,42,20,7098.0
2500,SFCL,58,49,20,7100.0
2501,SFCL,58,59,10,3585.0
2502,SFCL,58,29,20,7170.0
2503,SFCL,58,18,500,182400.0
2504,SFCL,58,53,45,16560.0
2505,SFCL,58,58,124,45384.0
2506,SFCL,58,47,500,184000.0
2507,SGI,58,16,10,5930.0
2508,SGI,58,1,10,5930.0
2509,SGI,58,16,80,47600.0
2510,SHEL,58,49,10,3730.0
2511,SHEL,58,57,10,3770.0
2512,SHEL,58,57,10,3770.0
2513,SHINE,58,19,15,5850.0
2514,SHINE,58,32,50,19200.0
2515,SHINE,58,57,22,8492.0
2516,SHINE,58,21,10,4025.0
2517,SHINE,58,21,30,12075.0
2518,SHINE,58,42,14,5670.0
2519,SHIVM,58,42,20,30180.0
2520,SHIVM,58,14,10,15101.0
2521,SHIVM,58,14,485,731865.0
2522,SHIVM,58,32,100,151700.0
2523,SHIVM,58,26,60,92400.0
2524,SHIVM,58,22,20,30800.0
2525,SHIVM,58,17,50,77000.0
2526,SHIVM,58,25,70,107800.0
2527,SHIVM,58,25,100,153000.0
2528,SHIVM,58,7,32,48640.0
2529,SHIVM,58,21,68,103360.0
2530,SHIVM,58,36,100,152000.0
2531,SHIVM,58,38,200,303000.0
2532,SHIVM,58,38,50,75750.0
2533,SHIVM,58,57,100,151500.0
2534,SHIVM,58,57,200,303000.0
2535,SHIVM,58,25,50,76450.0
2536,SHIVM,58,20,200,305500.0
2537,SHPC,58,32,13,5200.0
2538,SHPC,58,37,10,4000.0
2539,SHPC,58,41,50,20300.0
2540,SHPC,58,17,10,4080.0
2541,SHPC,58,33,50,20500.0
2542,SHPC,58,58,20,8220.0
2543,SHPC,58,57,298,122478.0
2544,SHPC,58,53,11,4521.0
2545,SHPC,58,35,1000,411000.0
2546,SHPC,58,58,15,6180.0
2547,SHPC,58,45,100,41200.0
2548,SHPC,58,26,50,20600.0
2549,SHPC,58,34,500,206000.0
2550,SHPC,58,21,1160,477920.0
2551,SHPC,58,26,100,41200.0
2552,SHPC,58,57,250,103000.0
2553,SHPC,58,38,50,20600.0
2554,SHPC,58,18,200,82400.0
2555,SHPC,58,49,100,41200.0
2556,SHPC,58,17,200,82400.0
2557,SHPC,58,34,712,294056.0
2558,SHPC,58,28,32,13216.0
2559,SHPC,58,17,152,62776.0
2560,SHPC,58,11,455,187005.0
2561,SHPC,58,17,348,143724.0
2562,SHPC,58,43,64,26432.0
2563,SHPC,58,21,70,28910.0
2564,SHPC,58,4,500,206500.0
2565,SHPC,58,49,30,12396.0
2566,SHPC,58,16,150,62085.0
2567,SHPC,58,7,20,8280.0
2568,SHPC,58,42,90,37260.0
2569,SHPC,58,50,200,82800.0
2570,SHPC,58,45,100,41400.0
2571,SHPC,58,34,37,15318.0
2572,SHPC,58,34,500,207000.0
2573,SHPC,58,26,100,41400.0
2574,SHPC,58,34,400,165600.0
2575,SHPC,58,35,100,41400.0
2576,SHPC,58,25,1000,414000.0
2577,SHPC,58,42,460,190440.0
2578,SHPC,58,34,376,155701.6
2579,SHPC,58,56,490,201390.0
2580,SHPC,58,34,624,258398.4
2581,SHPC,58,42,40,16600.0
2582,SHPC,58,1,100,41500.0
2583,SHPC,58,38,1084,449860.0
2584,SHPC,58,38,110,45650.0
2585,SHPC,58,49,100,41500.0
2586,SHPC,58,25,150,62250.0
2587,SHPC,58,32,50,20750.0
2588,SHPC,58,52,600,249000.0
2589,SHPC,58,53,185,76775.0
2590,SHPC,58,6,70,29050.0
2591,SHPC,58,56,150,62250.0
2592,SHPC,58,21,10,4150.0
2593,SHPC,58,5,200,83000.0
2594,SHPC,58,17,37,15355.0
2595,SIC,58,8,10,12910.0
2596,SICL,58,45,20,35000.0
2597,SICL,58,43,20,34960.0
2598,SICL,58,37,20,34952.0
2599,SICL,58,44,50,87000.0
2600,SICL,58,34,20,34740.0
2601,SIFC,58,3,107,48150.0
2602,SIFC,58,1,10,4500.0
2603,SIFC,58,52,83,37350.0
2604,SIFC,58,52,17,7650.0
2605,SIFC,58,51,50,22500.0
2606,SIFC,58,6,60,28620.0
2607,SIFC,58,51,30,14310.0
2608,SIFC,58,56,1050,499800.0
2609,SIL,58,33,20,18330.0
2610,SIL,58,35,40,36560.0
2611,SIL,58,1,10,9160.0
2612,SINDU,58,28,80,28280.0
2613,SINDU,58,28,220,78100.0
2614,SJCL,58,11,20,6840.0
2615,SJCL,58,42,20,6840.0
2616,SJCL,58,11,10,3420.0
2617,SJCL,58,57,20,6980.0
2618,SJCL,58,50,78,27292.2
2619,SJCL,58,45,50,17500.0
2620,SJCL,58,51,20,7000.0
2621,SJCL,58,58,50,17500.0
2622,SJCL,58,49,40,14000.0
2623,SJCL,58,42,20,7000.0
2624,SJCL,58,45,20,7000.0
2625,SJCL,58,17,20,7020.0
2626,SJCL,58,19,271,95337.8
2627,SJCL,58,14,10,3519.0
2628,SJCL,58,8,100,35190.0
2629,SJCL,58,41,10,3520.0
2630,SJCL,58,34,50,17600.0
2631,SJCL,58,45,20,7078.0
2632,SJCL,58,42,2015,714519.0
2633,SJCL,58,46,30,10443.0
2634,SJCL,58,33,970,337851.0
2635,SJCL,58,38,20,7060.0
2636,SJCL,58,35,90,31860.0
2637,SJCL,58,32,40,14160.0
2638,SJCL,58,6,100,35490.0
2639,SJCL,58,36,200,70980.0
2640,SJCL,58,16,10,3549.0
2641,SJCL,58,22,50,17745.0
2642,SJCL,58,36,40,14196.0
2643,SJCL,58,37,600,213000.0
2644,SJCL,58,45,30,10650.0
2645,SJCL,58,41,40,14200.0
2646,SJCL,58,43,20,7100.0
2647,SJCL,58,34,100,35500.0
2648,SJCL,58,33,200,71000.0
2649,SJCL,58,43,20,7100.0
2650,SJCL,58,22,40,14200.0
2651,SJCL,58,26,30,10710.0
2652,SJCL,58,22,100,35700.0
2653,SJCL,58,35,40,14316.0
2654,SJCL,58,58,230,82340.0
2655,SJCL,58,6,30,10782.0
2656,SJCL,58,38,570,204915.0
2657,SJCL,58,1,190,67735.0
2658,SJCL,58,38,30,10785.0
2659,SJCL,58,6,50,17995.0
2660,SJCL,58,57,20,7200.0
2661,SJCL,58,3,100,36000.0
2662,SJCL,58,34,20,7200.0
2663,SJCL,58,7,20,7200.0
2664,SJCL,58,36,290,104400.0
2665,SJCL,58,55,300,108000.0
2666,SJCL,58,58,200,72000.0
2667,SJCL,58,41,20,7200.0
2668,SJCL,58,26,3360,1209600.0
2669,SJCL,58,58,50,17850.0
2670,SJCL,58,26,88,31680.0
2671,SJCL,58,16,200,72000.0
2672,SJCL,58,45,50,18050.0
2673,SJCL,58,36,40,14480.0
2674,SJCL,58,45,200,72400.0
2675,SJCL,58,22,81,29322.0
2676,SJCL,58,45,150,54315.0
2677,SJCL,58,38,40,14484.0
2678,SJCL,58,32,100,36400.0
2679,SJCL,58,33,200,71920.0
2680,SJCL,58,6,10,3639.0
2681,SJCL,58,52,20,7334.0
2682,SJCL,58,52,20,7480.0
2683,SJCL,58,41,40,14400.0
2684,SJCL,58,11,430,155101.0
2685,SJCL,58,41,50,18295.0
2686,SJCL,58,47,50,18350.0
2687,SJCL,58,33,200,73400.0
2688,SJCL,58,22,50,18390.0
2689,SJCL,58,58,50,18400.0
2690,SJCL,58,38,130,47840.0
2691,SKBBL,58,8,100,129800.0
2692,SKBBL,58,28,90,118710.0
2693,SKBBL,58,6,100,131400.0
2694,SKBBL,58,6,160,209920.0
2695,SKBBL,58,47,10,13200.0
2696,SKBBL,58,26,11,14509.0
2697,SKBBL,58,33,90,118710.0
2698,SKBBL,58,11,25,32800.0
2699,SKBBL,58,42,15,19680.0
2700,SKBBL,58,42,50,65550.0
2701,SKBBL,58,42,56,72800.0
2702,SKBBL,58,42,13,16900.0
2703,SKBBL,58,57,31,40858.0
2704,SKBBL,58,25,25,32950.0
2705,SKBBL,58,33,150,197850.0
2706,SKBBL,58,50,10,13190.0
2707,SKBBL,58,42,15,19800.0
2708,SKBBL,58,25,100,131800.0
2709,SKBBL,58,25,200,263600.0
2710,SLBBL,58,52,25,28350.0
2711,SLBBL,58,59,30,34020.0
2712,SLBSL,58,45,29,36395.0
2713,SLBSL,58,53,21,26355.0
2714,SLCF,58,45,150,1408.5
2715,SLI,58,39,10,5338.0
2716,SLI,58,22,30,16020.0
2717,SLI,58,57,10,5340.0
2718,SLI,58,45,10,5340.0
2719,SLI,58,21,10,5340.0
2720,SLI,58,57,10,5350.0
2721,SLI,58,58,10,5350.0
2722,SLI,58,59,10,5350.0
2723,SLI,58,41,10,5350.0
2724,SLI,58,7,10,5350.0
2725,SLI,58,38,50,26750.0
2726,SLI,58,7,130,69550.0
2727,SLI,58,35,10,5260.0
2728,SLI,58,21,10,5280.0
2729,SLI,58,51,60,31740.0
2730,SLI,58,17,10,5260.0
2731,SLI,58,8,10,5260.0
2732,SLI,58,58,3,1571.7
2733,SLI,58,49,10,5280.0
2734,SLI,58,39,10,5280.0
2735,SLI,58,39,10,5280.0
2736,SLI,58,34,10,5310.0
2737,SLI,58,52,10,5310.0
2738,SLI,58,48,10,5310.0
2739,SLI,58,16,10,5320.0
2740,SLI,58,14,50,26600.0
2741,SLI,58,5,10,5340.0
2742,SLI,58,52,10,5320.0
2743,SLI,58,58,10,5320.0
2744,SLI,58,50,10,5320.0
2745,SLI,58,35,10,5312.0
2746,SLI,58,50,10,5312.0
2747,SLI,58,55,50,26560.0
2748,SLI,58,38,10,5329.0
2749,SLICL,58,26,20,14500.0
2750,SMB,58,14,50,93000.0
2751,SMB,58,22,15,27900.0
2752,SMB,58,17,30,56295.0
2753,SMB,58,56,10,18800.0
2754,SMB,58,43,20,37600.0
2755,SMB,58,17,20,37600.0
2756,SMB,58,13,55,103400.0
2757,SMFDB,58,33,10,12260.0
2758,SPC,58,20,10,4401.0
2759,SPC,58,21,10,4401.0
2760,SPC,58,59,10,4401.0
2761,SPC,58,49,10,4401.0
2762,SPC,58,49,10,4401.0
2763,SPDL,58,34,100,40310.0
2764,SRBL,58,59,10,2830.0
2765,SRBL,58,51,10,2840.0
2766,SRBL,58,1,189,53487.0
2767,SRBL,58,34,301,85183.0
2768,SRBL,58,59,265,77380.0
2769,SRBL,58,44,150,44025.0
2770,SRBL,58,3,50,14675.0
2771,SSHL,58,25,500,150200.0
2772,SSHL,58,25,100,30500.0
2773,SSHL,58,48,36,10980.0
2774,SSHL,58,19,13,3978.0
2775,STC,58,50,10,62000.0
2776,STC,58,43,12,74688.0
2777,STC,58,28,20,123100.0
2778,STC,58,55,10,62490.0
2779,STC,58,42,110,687500.0
2780,STC,58,29,30,187500.0
2781,STC,58,41,12,75000.0
2782,STC,58,8,2,12220.0
2783,STC,58,22,24,148800.0
2784,STC,58,22,10,62000.0
2785,STC,58,59,4,24800.0
2786,STC,58,45,10,62150.0
2787,SWBBL,58,46,10,12600.0
2788,SWBBL,58,45,10,12351.0
2789,SWBBL,58,44,12,14940.0
2790,TPC,58,45,10,4250.0
2791,TPC,58,58,10,4250.0
2792,TPC,58,58,10,4260.0
2793,TPC,58,21,10,4270.0
2794,TPC,58,58,10,4220.0
2795,TPC,58,36,10,4230.0
2796,TPC,58,21,10,4081.0
2797,TPC,58,1,30,12450.0
2798,TPC,58,21,10,4200.0
2799,TPC,58,45,90,37800.0
2800,TPC,58,55,10,4200.0
2801,TPC,58,53,10,4210.0
2802,UIC,58,13,300,200100.0
2803,UIC,58,14,200,133400.0
2804,UIC,58,47,180,119880.0
2805,UIC,58,26,100,67000.0
2806,UIC,58,35,120,80400.0
2807,ULI,58,58,10,6433.0
2808,ULI,58,11,10,6433.0
2809,ULI,58,32,10,6433.0
2810,ULI,58,58,10,6500.0
2811,ULI,58,39,10,6500.0
2812,ULI,58,58,10,6500.0
2813,ULI,58,45,10,6500.0
2814,ULI,58,44,10,6500.0
2815,ULI,58,52,10,6501.0
2816,ULI,58,47,10,6505.0
2817,ULI,58,42,10,6505.0
2818,ULI,58,45,10,6511.0
2819,ULI,58,55,10,6511.0
2820,ULI,58,6,10,6710.0
2821,ULI,58,33,40,26480.0
2822,ULI,58,58,10,6610.0
2823,ULI,58,1,125,82500.0
2824,UMHL,58,16,55,20086.0
2825,UMHL,58,41,310,113150.0
2826,UMHL,58,35,1000,365000.0
2827,UMHL,58,38,10,3670.0
2828,UMHL,58,6,40,14680.0
2829,UMHL,58,53,10,3650.0
2830,UMHL,58,22,10,3650.0
2831,UMHL,58,38,20,7300.0
2832,UMHL,58,39,22,8030.0
2833,UMHL,58,16,400,147200.0
2834,UMHL,58,17,425,156400.0
2835,UMHL,58,32,234,86322.6
2836,UMHL,58,35,3941,1454229.0
2837,UMHL,58,35,559,206271.0
2838,UMHL,58,37,400,147600.0
2839,UMHL,58,17,500,184500.0
2840,UMHL,58,38,300,111000.0
2841,UMHL,58,19,45,16650.0
2842,UMHL,58,52,200,74000.0
2843,UMHL,58,22,20,7400.0
2844,UMHL,58,46,100,37000.0
2845,UMHL,58,35,100,37000.0
2846,UMHL,58,44,1000,370000.0
2847,UMHL,58,57,150,55500.0
2848,UMHL,58,43,200,74000.0
2849,UMHL,58,25,100,37000.0
2850,UMHL,58,26,500,185000.0
2851,UMHL,58,58,826,305620.0
2852,UMHL,58,16,300,110700.0
2853,UMHL,58,58,10,3700.0
2854,UMHL,58,14,50,18450.0
2855,UMHL,58,38,30,11070.0
2856,UMHL,58,52,10,3720.0
2857,UNHPL,58,38,20,6300.0
2858,UNHPL,58,14,230,73370.0
2859,UPCL,58,17,100,34500.0
2860,UPCL,58,21,10,3445.0
2861,UPCL,58,21,30,10329.0
2862,UPCL,58,58,30,10320.0
2863,UPCL,58,54,50,17700.0
2864,UPCL,58,41,100,35480.0
2865,UPCL,58,22,100,35490.0
2866,UPCL,58,16,500,177500.0
2867,UPCL,58,44,50,17750.0
2868,UPCL,58,26,30,10650.0
2869,UPCL,58,54,25,8875.0
2870,UPCL,58,57,145,51475.0
2871,UPCL,58,25,80,28160.0
2872,UPCL,58,25,920,324760.0
2873,UPPER,58,49,30,19050.0
2874,UPPER,58,17,50,31750.0
2875,UPPER,58,49,10,6350.0
2876,UPPER,58,52,50,31650.0
2877,UPPER,58,25,25,15825.0
2878,UPPER,58,45,12,7908.0
2879,UPPER,58,58,60,39600.0
2880,UPPER,58,13,90,58329.0
2881,UPPER,58,1,20,12962.0
2882,UPPER,58,33,90,58329.0
2883,UPPER,58,45,187,121007.7
2884,UPPER,58,22,160,104320.0
2885,UPPER,58,58,222,144300.0
2886,UPPER,58,53,10,6500.0
2887,UPPER,58,56,40,26008.0
2888,UPPER,58,34,10,6510.0
2889,UPPER,58,55,2000,1302200.0
2890,UPPER,58,4,57,37164.0
2891,UPPER,58,42,2000,1304000.0
2892,UPPER,58,14,50,32600.0
2893,UPPER,58,55,83,54116.0
2894,UPPER,58,17,50,32565.0
2895,UPPER,58,45,1850,1204905.0
2896,UPPER,58,45,20,13022.0
2897,UPPER,58,45,114,74122.8
2898,UPPER,58,40,346,224969.2
2899,UPPER,58,40,268,174200.0
2900,UPPER,58,7,15,9780.0
2901,UPPER,58,21,500,327450.0
2902,UPPER,58,58,278,182090.0
2903,UPPER,58,52,50,32750.0
2904,UPPER,58,38,52,34060.0
2905,UPPER,58,17,200,131000.0
2906,UPPER,58,28,72,47160.0
2907,UPPER,58,22,25,16375.0
2908,UPPER,58,55,52,34060.0
2909,UPPER,58,17,50,32750.0
2910,UPPER,58,49,500,327500.0
2911,UPPER,58,58,100,65500.0
2912,UPPER,58,25,50,32750.0
2913,UPPER,58,36,71,46505.0
2914,USLB,58,34,10,15480.0
2915,VLBS,58,38,30,41250.0
2916,VLBS,58,49,20,27500.0
2917,VLBS,58,34,150,206250.0
