,"


S.N
Date
Price
Change
Max Price
Min Price
Prev Price
Transaction
Volume
Amount




1
2021-12-28
765
0
779
735
765
180
20715
15687200


2
2021-12-27
765
-52
833
765
817
477
51396
41115600


3
2021-12-26
817
74
817.3
743
743
469
55922
44331500


4
2021-12-23
743
35
745
699
708
249
72150
51877400


5
2021-12-22
708
39
709
682
669
150
18453
12885700


6
2021-12-21
669
10
678.3
650
659
77
8915
5945640


7
2021-12-20
659
-7
689.9
640
666
78
8372
5504830


8
2021-12-16
666
-17
689
666
683
89
6641
4481820


9
2021-12-15
683
-7
731.2
683
690
195
20570
14509700


10
2021-12-14
690
45
690
657
645
73
6081
4102260


11
2021-12-13
645
-40
679
645
685
213
22201
14596500


12
2021-12-12
685
-30
710
683
715
160
13632
9385920


13
2021-12-09
715
-10
728.9
709
725
140
14009
10061200


14
2021-12-08
725
-23
750.1
725
748
121
11544
8450200


15
2021-12-07
748
-27
790
746
775
108
8417
6517180


16
2021-12-06
775
15.1
775
730.4
759.9
171
13195
9897670


17
2021-12-05
759.9
-30.1
785
748
790
179
17368
13229300


18
2021-12-02
790
-17.1
821
785
807.1
119
12969
10273300


19
2021-12-01
807.1
7.1
816
800
800
80
8002
6482450


20
2021-11-30
800
-2
806
790
802
88
8870
7077230


21
2021-11-29
802
-9
825
796
811
126
11019
8905360


22
2021-11-28
811
-34
836
810
845
148
16285
13390000


23
2021-11-25
845
-25
885
844
870
102
8918
7580820


24
2021-11-24
870
10
895.7
837
860
159
17490
14972100


25
2021-11-23
860
-22.6
880
854
882.6
183
19140
16489400


26
2021-11-22
882.6
34.6
922.8
848.1
848
584
62952
56359700


27
2021-11-21
848
8
865
824
840
124
15485
13008500


28
2021-11-18
840
-20.1
870
837
860.1
99
14320
12140300


29
2021-11-17
860.1
15.1
879.8
855
845
163
13067
11363100


30
2021-11-16
845
20
845
826
825
123
12882
10725100


31
2021-11-15
825
10
834
818
815
98
8368
6902470


32
2021-11-14
815
5
826
784.1
810
123
12103
9769980


33
2021-11-11
810
-28
840
810
838
180
13867
11312300


34
2021-11-09
838
-32
870
822
870
214
20934
17641300


35
2021-11-08
870
-26
905
870
896
131
12435
10944500


36
2021-11-03
896
-12
924.9
892.9
908
109
11362
10255900


37
2021-11-02
908
8
912
869
900
184
20605
18459600


38
2021-11-01
900
13.9
910
885
886.1
252
35555
31847400


39
2021-10-31
886.1
36.1
894
850
850
277
24736
21536300


40
2021-10-28
850
5
850
826
845
176
16379
13769000


41
2021-10-27
845
30
862
800
815
317
43670
36475600


42
2021-10-26
815
29
825.9
800
786
277
27348
22256800


43
2021-10-25
786
26
792.9
770
760
118
12822
10049500


44
2021-10-24
760
4
766
755
756
71
8438
6419140


45
2021-10-21
756
-5.3
776
756
761.3
79
7080
5395280


46
2021-10-20
761.3
12.3
770
761.3
749
55
4827
3694730


47
2021-10-19
749
-35.7
770
744
784.7
180
24208
18263200


48
2021-10-18
784.7
-20.3
817
770
805
166
13056
10165700


49
2021-10-17
805
11
809
785
794
60
4569
3636560


50
2021-10-11
794
6
794
767.1
788
133
13632
10590100


51
2021-10-10
788
-2
821
780
790
184
17648
14072500


52
2021-10-06
790
33.1
795
757
756.9
190
18357
14382400


53
2021-10-05
756.9
21.9
757
736
735
125
17042
12731900


54
2021-10-04
735
-10
758
721
745
188
20764
15168400


55
2021-10-03
745
-6
760
744
751
167
19351
14529800


56
2021-09-30
751
-20
784
750
771
162
20556
15781200


57
2021-09-29
771
35
780
728
736
216
23941
17983400


58
2021-09-28
736
-39.1
799
735
775.1
303
29878
22552300


59
2021-09-27
775.1
-32.9
800
775
808
243
24716
19378600


60
2021-09-26
808
-27
840
807
835
187
21472
17482000


61
2021-09-23
835
-11
866.5
835
846
206
18452
15703400


62
2021-09-22
846
26
850
832
820
222
19601
16464500


63
2021-09-21
820
5
863
786
815
311
29648
24292200


64
2021-09-20
815
-40.2
872.3
800
855.2
428
38845
31845300


65
2021-09-16
855.2
-28.8
901.6
849
884
409
43535
37380000


66
2021-09-15
884
-27.1
908
880
911.1
347
34866
30964200


67
2021-09-14
911.1
-0.9
925
900
912
153
20667
18802000


68
2021-09-13
912
3
927
909
909
230
19872
18271900


69
2021-09-12
909
13
913
897
896
229
24224
21888400


70
2021-09-09
896
1
928
891
895
232
20503
18461600


71
2021-09-08
895
-39
934
895
934
355
34987
31723700


72
2021-09-07
934
-36
970
926.3
970
256
22573
21207700


73
2021-09-06
970
64
970
890
906
387
33352
31000500


74
2021-09-05
906
-60.1
972
869.5
966.1
582
62610
56824300


75
2021-09-02
966.1
-19.2
998
965.6
985.3
329
27984
27417200


76
2021-09-01
985.3
-3.7
1008
985
989
306
28417
28229000


77
2021-08-31
989
-14
1020
981
1003
612
70598
70244600


78
2021-08-29
1003
-27
1047
1000
1030
460
54451
55288100


79
2021-08-26
1030
-7
1054
1015
1037
393
55923
57207700


80
2021-08-25
1037
-34.2
1088
1024
1071.2
373
54094
56294400


81
2021-08-24
1071.2
2.2
1112.1
1065
1069
736
93277
100908000


82
2021-08-19
1069
35
1115
1048
1034
1162
140220
151190000


83
2021-08-18
1034
25
1060
1002
1009
619
70017
72222600


84
2021-08-17
1009
-6
1035.3
1002.2
1015
396
36908
37382400


85
2021-08-16
1015
1
1034
995
1014
375
43519
44251000


86
2021-08-15
1014
-26
1040
1002
1040
548
55521
56403600


87
2021-08-12
1040
-17.9
1069
1040
1057.9
373
68193
72012200


88
2021-08-11
1057.9
32.9
1064.9
1030
1025
525
68354
71933900


89
2021-08-10
1025
8
1030
1017
1017
346
30825
31565400


90
2021-08-09
1017
0
1033
1011
1017
451
41668
42480000


91
2021-08-08
1017
-23
1050
1012
1040
664
77782
79375100


92
2021-08-05
1040
-11
1065
1040
1051
498
56311
59168100


93
2021-08-04
1051
-9
1081.2
1051
1060
409
44384
46830000


94
2021-08-03
1060
0
1069
1050.1
1060
358
42983
45530100


95
2021-08-02
1060
-10
1081
1058
1070
361
42443
45161500


96
2021-08-01
1070
-12
1100
1070
1082
303
34709
37374700


97
2021-07-29
1082
-7
1132
1078
1089
392
47972
52156300


98
2021-07-28
1089
2
1113
1085
1087
656
108859
120000000


99
2021-07-27
1087
-46
1111
1048
1133
786
89718
97380400


100
2021-07-26
1133
62
1134
1060
1071
495
81302
86890100


101
2021-07-25
1071
-14
1085
1064
1085
445
40437
43285700


102
2021-07-22
1085
-10
1097
1070
1095
480
55817
60610500


103
2021-07-20
1095
-55
1155
1065.3
1150
1972
219868
241827000


104
2021-07-19
1150
80.9
1150
1050
1069.1
691
96962
104004000


105
2021-07-18
1069.1
47.1
1083
1041
1022
835
79918
84545000


106
2021-07-15
1022
26
1053
995
996
968
124432
126627000


107
2021-07-14
996
-13
1025
996
1009
387
49845
50118800


108
2021-07-13
1009
-1
1030
1000
1010
297
30649
31079100


109
2021-07-12
1010
-28
1085
991
1038
577
70636
72066700


110
2021-07-11
1038
16
1039
1022
1022
520
75606
77954900


111
2021-07-08
1022
12
1060
983
1010
703
81742
81877000


112
2021-07-07
1010
-30
1050
1002
1040
862
94144
95376900


113
2021-07-06
1040
-38
1099
1031
1078
597
68088
72092800


114
2021-07-05
1078
-47
1180
1077
1125
990
103843
113831000


115
2021-07-04
1125
-38
1175
1095
1163
1253
191165
215717000


116
2021-07-01
1163
-17
1210
1154
1180
616
104430
122903000


117
2021-06-30
1180
38
1208
1128
1142
1616
257282
304258000


118
2021-06-29
1142
-35
1294
1139
1177
984
203646
239968000


119
2021-06-28
1177
13
1226
1170
1164
2441
435865
522484000


120
2021-06-27
1164
-25
1195
1137
1189
1419
197248
228099000


121
2021-06-24
1189
-52
1250
1176
1241
2185
290880
352398000


122
2021-06-23
1241
72
1254
1129
1169
1967
355674
420049000


123
2021-06-22
1169
59
1169
1069
1110
1096
151212
169745000


124
2021-06-21
1110
-5
1145
1095
1115
1470
185901
207072000


125
2021-06-20
1115
-2
1166
1097
1117
2625
379760
430256000


126
2021-06-17
1117
-9
1153
1085
1126
1715
244851
273930000


127
2021-06-16
1126
-74
1223
1100
1200
1311
165242
188252000


128
2021-06-15
1200
56
1249
1157
1144
1781
233680
280759000


129
2021-06-14
1144
104
1144
1050
1040
2178
289260
319562000


130
2021-06-13
1040
-45
1122
1005
1085
2209
284491
296735000


131
2021-06-10
1085
79
1105
1041
1006
2473
360801
389680000


132
2021-06-09
1006
91
1006
925
915
2492
520276
510671000


133
2021-06-08
915
76
922
842
839
1322
254531
225677000


134
2021-06-07
839
9
856
830
830
228
32542
27300000


135
2021-06-06
830
-10
850
829
840
341
46543
38819500


136
2021-06-03
840
-14
868
814
854
356
51605
43894300


137
2021-06-02
854
9
853
825
845
257
38579
32740800


138
2021-06-01
845
0
853
825
845
358
44284
37090200


139
2021-05-31
845
-15
884
840
860
785
120305
104265000


140
2021-05-30
860
23
872
840
837
1119
207207
177950000


141
2021-05-27
837
-3
860
813
840
603
81089
67978400


142
2021-05-25
840
18
846
826
822
542
96187
80519600


143
2021-05-24
822
9
834
816
813
289
66357
54850100


144
2021-05-23
813
-6
859
805
819
270
43266
35264700


145
2021-05-20
819
-5
838
816
824
165
18061
14855500


146
2021-05-19
824
-11
846
820
835
317
49541
41339500


147
2021-05-18
835
12
835
823
823
300
54217
45022100


148
2021-05-17
823
-3
845
810
826
328
66897
55257900


149
2021-05-16
826
31
826
800
795
394
83548
68392000


150
2021-05-13
795
7
803
785
788
163
42010
33337000


151
2021-05-12
788
-4
800
787
792
77
11756
9286690


152
2021-05-11
792
8
803
788
784
190
24362
19319900


153
2021-05-10
784
3
790
775
781
61
7364
5768250


154
2021-05-09
781
-4
794
760
785
134
17662
13848800


155
2021-05-06
785
-14
800
784
799
159
19017
15058100


156
2021-05-05
799
4
809
790
795
143
18600
14898000


157
2021-05-04
795
-5
803
789
800
71
8056
6399880


158
2021-05-03
800
-14
829
798
814
189
32044
25937100


159
2021-05-02
814
25
814
774
789
198
29254
23404800


160
2021-04-29
789
15
804
761
774
82
12254
9689490


161
2021-04-28
774
-13
798
768
787
73
8950
6980180


162
2021-04-27
787
32
795
740
755
144
18306
14071300


163
2021-04-26
755
-21
786
747
776
242
27915
21247500


164
2021-04-25
776
-22
793
766
798
297
43234
33605400


165
2021-04-22
798
2
800
780
796
151
15368
12233900


166
2021-04-21
796
-4
810
788
800
146
16577
13178800


167
2021-04-20
800
-4
819
798
804
148
19311
15496100


168
2021-04-19
804
-11
816
800
815
189
23086
18596500


169
2021-04-18
815
-14
829
815
829
160
17853
14635100


170
2021-04-15
829
-10
844
825
839
254
61581
51163100


171
2021-04-13
839
9
850
833
830
312
32201
26986400


172
2021-04-12
830
16
846
789
814
389
48232
39909600


173
2021-04-08
814
0
824
814
814
190
34447
28214200


174
2021-04-07
814
-8
863
814
822
189
23720
19526400


175
2021-04-06
822
-20
884
819
842
262
38961
32221700


176
2021-04-05
842
-4
869
804
846
413
77439
64980100


177
2021-04-04
846
26
860
825
820
560
121604
103226000


178
2021-04-01
820
-14
867
820
834
292
53895
44869000


179
2021-03-31
834
15
859
825
819
216
36742
30574700


180
2021-03-30
819
38
826
788
781
336
68057
54813400


181
2021-03-29
843
-6
865
839
849
447
53327
45088900


182
2021-03-25
849
0
882
846
849
300
75127
64585800


183
2021-03-24
849
2
855
844
847
197
36038
30594400


184
2021-03-23
847
0
853
840
847
141
23307
19762500


185
2021-03-22
847
-19
874
845
866
212
30297
26051000


186
2021-03-21
866
19
889
855
847
323
57542
49610400


187
2021-03-18
847
3
859
841
844
151
29302
24841200


188
2021-03-17
844
13
872
810
831
93
22352
18816600


189
2021-03-16
831
1
850
820
830
146
23497
19495100


190
2021-03-15
830
-19
865
820
849
141
49299
41492400


191
2021-03-14
849
-55
910
824
904
443
119297
101135000


192
2021-03-10
904
14
907
871
890
690
150652
134962000


193
2021-03-09
890
26
909
848
864
637
141954
124524000


194
2021-03-07
864
53
882
800
811
820
183685
157669000


195
2021-03-04
811
18
822
790
793
215
47502
38247800


196
2021-03-03
793
-13
820
783
806
255
59518
47280800


197
2021-03-02
806
-26
835
795
832
276
58666
47388100


198
2021-03-01
832
40
851
779
792
413
64482
52650500


199
2021-02-28
792
-28
830
791
820
270
41394
33094700


200
2021-02-25
820
-24
847
819
844
165
18966
15723500


201
2021-02-24
844
14
865
819
830
246
53050
45044600


202
2021-02-23
830
-3
830
790
833
315
55957
45289000


203
2021-02-22
833
-17
851
831
850
280
46518
39067500


204
2021-02-21
850
-15
870
846
865
207
37320
31927300


205
2021-02-18
865
12
870
848
853
210
36612
31519000


206
2021-02-17
853
-27
880
852
880
252
47922
41217400


207
2021-02-16
880
-2
910
867
882
272
64640
57257400


208
2021-02-15
882
32
895
860
850
276
56419
49583900


209
2021-02-14
850
-16
870
838
866
297
57443
48964800


210
2021-02-11
866
-10
907
865
876
324
64762
56783400


211
2021-02-10
876
-5
889
868
881
239
34175
29963600


212
2021-02-09
881
-31
910
878
912
371
58788
52166400


213
2021-02-08
912
-23
953
890
935
478
88002
80439000


214
2021-02-07
935
64
940
869
871
619
141411
127543000


215
2021-02-04
871
0
914
851
871
560
144670
125217000


216
2021-02-03
871
-14
929
863
885
679
162986
143679000


217
2021-02-02
885
77
887
813
808
816
164618
141957000


218
2021-02-01
808
25
822
777
783
587
139946
112298000


219
2021-01-31
783
-25
810
777
808
764
158312
124681000


220
2021-01-28
808
58
825
763
750
1013
249208
198760000


221
2021-01-27
750
26
756
728
724
400
81270
60497100


222
2021-01-26
724
-19
756
724
743
414
84469
61827000


223
2021-01-25
743
-17
765
735
760
446
82572
61667600


224
2021-01-24
760
3
793
741
757
685
119257
91319500


225
2021-01-21
757
41
759
710
716
633
153014
113274000


226
2021-01-20
716
-10
734
711
726
278
57013
41138700


227
2021-01-19
726
16
728
684
710
532
140451
100250000


228
2021-01-18
710
33
710
668
677
471
123044
85384100


229
2021-01-17
677
1
689
664
676
283
79941
53500600


230
2021-01-13
676
-10
705
670
686
395
127425
87404500


231
2021-01-12
686
21
687
662
665
483
107907
73199100


232
2021-01-11
665
20
673
642
645
335
86893
56913200


233
2021-01-10
645
3
654
642
642
157
32674
21114500


234
2021-01-07
642
6
653
635
636
317
74489
48204400


235
2021-01-06
636
15
640
619
621
158
51612
32493400


236
2021-01-05
621
1
630
618
620
95
18048
11248100


237
2021-01-04
620
1
642
610
619
200
56964
35629400


238
2021-01-03
619
20
620
596
599
181
44076
26866500


239
2020-12-31
599
2
612
596
597
95
12760
7672240


240
2020-12-30
597
-3
611
597
600
86
20224
12144700


241
2020-12-29
600
-5
616
594
605
89
21917
13218600


242
2020-12-28
605
12
619
586
593
104
22132
13327200


243
2020-12-27
593
-20
620
593
613
113
21875
13087800


244
2020-12-24
613
-2
627
600
615
148
27947
17009200


245
2020-12-23
615
-3
637
612
618
154
30217
18881400


246
2020-12-22
618
22
624
607
596
166
35298
21722400


247
2020-12-21
596
19
610
549
577
263
67792
39582800


248
2020-12-20
577
-55
644
580
632
299
71075
43314700


249
2020-12-17
632
-8
648
624
640
162
48117
30564100


250
2020-12-16
640
-7
665
634
647
161
31696
20392500


251
2020-12-15
647
-17
683
645
664
203
45546
29825000


252
2020-12-14
664
16
673
649
648
189
49181
32407800


253
2020-12-13
648
4
654
633
644
115
27869
17837900


254
2020-12-10
644
8
652
629
636
146
35917
22989900


255
2020-12-09
636
-16
652
615
652
240
80213
50363000


256
2020-12-08
652
-10
697
640
662
202
75966
50077900


257
2020-12-07
662
37
672
625
625
275
63161
41033300


258
2020-12-06
625
-55
679
625
680
311
89177
58735500


259
2020-12-03
680
-25
716
675
705
301
82284
56775100


260
2020-12-02
705
18
722
677
687
368
126427
89251800


261
2020-12-01
687
-3
694
665
690
237
62048
42164500


262
2020-11-30
690
41
690
641
649
399
142571
94457000


263
2020-11-29
649
0
659
628
649
328
132197
85446700


264
2020-11-26
649
20
660
630
629
694
199904
129080000


265
2020-11-25
629
18
632
610
611
305
92831
57758300


266
2020-11-24
611
19
626
582
592
360
96023
58769100


267
2020-11-23
592
-11
607
589
603
181
37214
22183900


268
2020-11-22
603
-15
625
585
618
376
106510
64092700


269
2020-11-19
618
3
627
597
615
540
118931
72928600


270
2020-11-18
615
42
615
567
573
265
67444
39084900


271
2020-11-12
573
1
577
565
572
138
42894
24398900


272
2020-11-11
572
12
573
556
560
209
58451
33270900


273
2020-11-10
560
14
564
551
546
153
39224
21838800


274
2020-11-09
546
-5
578
545
551
62
9346
5125530


275
2020-11-08
551
-4
554
544
555
68
14097
7717640


276
2020-11-05
555
10
555
542
545
67
12261
6695070


277
2020-11-04
545
-5
550
544
550
85
21178
11571100


278
2020-11-03
550
0
556
549
550
64
24752
13635000


279
2020-11-02
550
-1
558
550
551
59
11634
6433540


280
2020-11-01
551
-4
556
550
555
67
11665
6441320


281
2020-10-29
555
-3
560
549
558
59
8379
4638200


282
2020-10-28
558
7
560
546
551
48
12137
6703790


283
2020-10-22
551
-2
554
545
553
53
13617
7514730


284
2020-10-21
553
4
557
545
549
40
5424
2988420


285
2020-10-20
549
0
556
545
549
26
2728
1495240


286
2020-10-19
549
15
549
535
534
72
10909
5878690


287
2020-10-18
534
-6
538
531
540
81
16744
8949690


288
2020-10-15
540
0
550
536
540
66
12285
6630860


289
2020-10-14
540
-5
545
536
545
91
32523
17591200


290
2020-10-13
545
-2
552
544
547
76
12065
6598670


291
2020-10-12
547
-2
554
547
549
58
9440
5190530


292
2020-10-11
549
-7
557
547
556
99
25276
13925800


293
2020-10-08
556
-6
564
555
562
71
10942
6110630


294
2020-10-07
562
7
566
550
555
122
27412
15221600


295
2020-10-06
555
-6
564
533
561
102
17412
9691400


296
2020-10-05
561
-9
575
560
570
103
24690
13910800


297
2020-10-04
570
-3
583
570
573
154
23329
13378800


298
2020-10-01
573
18
574
551
555
211
46695
26454300


299
2020-09-30
555
4
560
544
551
141
29582
16282600


300
2020-09-29
551
-5
583
551
556
121
29516
16385700


301
2020-09-28
556
-6
570
556
562
67
11923
6656230


302
2020-09-27
562
-2
565
558
564
94
21003
11825700


303
2020-09-24
564
-1
575
560
565
92
24817
13959400


304
2020-09-23
565
2
568
558
563
140
22977
12927100


305
2020-09-22
563
-7
567
557
570
244
60708
34122900


306
2020-09-21
570
-1
580
563
571
172
52368
29927600


307
2020-09-20
571
-7
581
568
578
150
35043
20036500


308
2020-09-17
578
3
583
570
575
259
73453
42437400


309
2020-09-16
575
5
579
562
570
222
56002
32166800


310
2020-09-15
570
2
577
557
568
283
65895
37454500


311
2020-09-14
568
-17
596
567
585
480
99817
57518100


312
2020-09-13
585
19
594
565
566
501
125623
73028200


313
2020-09-10
566
19
568
547
547
423
101552
56709100


314
2020-09-09
547
5
553
540
542
319
80426
44142700


315
2020-09-08
542
6
546
529
536
193
43625
23548000


316
2020-09-07
536
-7
544
529
543
239
71248
38357800


317
2020-09-06
543
-5
560
537
548
308
82344
45017400


318
2020-09-03
548
11
557
533
537
383
78435
42677300


319
2020-09-02
537
-16
574
534
553
671
157727
86869900


320
2020-08-31
553
24
569
525
529
698
167480
91681900


321
2020-08-30
529
9
530
512
520
290
64158
33494200


322
2020-08-27
520
1
527
512
519
386
101352
52777800


323
2020-08-26
519
10
530
505
509
517
112553
58396300


324
2020-08-25
509
11
510
490
498
420
103995
52360200


325
2020-08-24
498
14
508
485
484
553
111008
55504800


326
2020-08-23
484
17
489
465
467
316
73428
35339000


327
2020-08-20
467
0
474
465
467
48
5156
2416900


328
2020-08-19
467
-4
470
455
471
113
44443
20630300


329
2020-08-18
471
1
479
464
470
104
22343
10526300


330
2020-08-17
470
11
470
457
459
124
28601
13329100


331
2020-08-16
459
1
465
449
458
125
30201
13805700


332
2020-08-13
458
-9
464
450
467
97
23482
10745900


333
2020-08-12
467
7
474
451
460
93
20343
9498220


334
2020-08-11
460
-3
476
453
463
142
38463
17862800


335
2020-08-10
463
26
464
438
437
193
36540
16538900


336
2020-08-09
437
7
437
420
430
50
9661
4146380


337
2020-08-06
430
-3
441
421
433
50
7171
3083940


338
2020-08-05
433
-6
442
424
439
106
23779
10159000


339
2020-08-03
439
1
448
431
438
92
15621
6865450


340
2020-08-02
438
-24
459
434
462
140
21527
9534430


341
2020-07-30
462
2
466
442
460
135
22870
10384600


342
2020-07-29
460
-8
468
453
468
115
24276
11186400


343
2020-07-28
468
-6
483
462
474
95
24737
11641800


344
2020-07-27
474
-10
493
471
484
159
44359
21230900


345
2020-07-26
484
21
484
461
463
238
49761
23651500


346
2020-07-23
463
5
470
450
458
156
30262
13921400


347
2020-07-22
458
-1
466
452
459
117
26826
12288100


348
2020-07-21
459
-11
471
456
470
113
21882
10130800


349
2020-07-20
470
-19
498
461
489
154
44337
20830200


350
2020-07-19
489
42
489
455
447
6
70
33010


351
2020-07-16
447
8
451
440
439
65
12946
5769350


352
2020-07-15
439
-8
455
439
447
78
13063
5795280


353
2020-07-14
447
-8
458
442
455
79
19784
8894860


354
2020-07-13
455
3
474
449
452
109
15891
7263950


355
2020-07-12
452
12
456
441
440
87
15557
6958390


356
2020-07-09
440
5
442
425
435
84
21472
9320980


357
2020-07-08
435
4
443
401
431
123
24683
10506300


358
2020-07-07
431
35
435
403
396
181
42792
18187600


359
2020-07-06
396
30
398
360
366
59
12808
4850140


360
2020-07-05
366
-3
385
362
369
58
11375
4228340


361
2020-07-02
369
-14
390
362
383
30
5343
1975640


362
2020-07-01
383
34
383
355
349
10
532
201516


363
2020-06-30
349
29
350
326
320
6
857
298906


364
2020-06-29
320
-7
321
297
327
66
21046
6585260


365
2020-05-13
327
-10
331
327
337
4
130
42550


366
2020-05-12
337
-10
341
337
347
2
22
7462


367
2020-03-22
347
-2
347
329
349
21
3286
1098750


368
2020-03-19
349
4
361
335
345
145
31224
10799200


369
2020-03-18
345
-12
372
323
357
184
28668
9683850


370
2020-03-17
357
-39.19
400
357
396.19
207
43560
16062200


371
2020-03-16
416
14
422
385
402
259
51880
21310000


372
2020-03-15
402
-33
435
400
435
225
48169
20021900


373
2020-03-12
435
-30
473
427
465
225
56088
25061600


374
2020-03-11
465
37
465
420
428
184
40237
17801800


375
2020-03-10
428
-29
460
420
457
106
29190
12720500


376
2020-03-05
457
4
483
444
453
282
66343
30410400


377
2020-03-04
453
-41
494
449
494
271
69325
32624700


378
2020-03-03
494
12
509
445
482
376
98245
48054800


379
2020-03-02
482
-31
515
482
513
198
52288
26087300


380
2020-03-01
513
-6
532
507
519
373
86773
45121800


381
2020-02-27
519
-17
546
516
536
315
69394
36719800


382
2020-02-26
536
3
551
523
533
394
203699
109315000


383
2020-02-25
533
39
535
494
494
451
146013
74685200


384
2020-02-24
494
-18
522
490
512
339
92253
46051800


385
2020-02-23
512
8
526
497
504
349
117601
59966400


386
2020-02-20
504
35
510
469
469
494
139583
68223000


387
2020-02-19
469
0
473
458
469
117
36618
17054700


388
2020-02-18
469
-2
474
453
471
225
57509
26669100


389
2020-02-17
471
0
484
470
471
473
167413
79823100


390
2020-02-16
471
21
473
445
450
398
124257
57777000


391
2020-02-13
450
8
458
440
442
299
108990
49088500


392
2020-02-12
442
1
449
438
441
155
47249
20861000


393
2020-02-11
441
4
452
437
437
195
65513
29015200


394
2020-02-10
437
5
440
424
432
184
53185
22995600


395
2020-02-09
432
-8
443
428
440
153
46109
19950700


396
2020-02-06
440
-7
449
434
447
201
72946
31966000


397
2020-02-05
447
-2
457
443
449
301
91063
40860200


398
2020-02-04
449
18
458
428
431
592
240368
107064000


399
2020-02-03
431
4
439
412
427
291
116746
49920400


400
2020-02-02
427
10
438
412
417
299
102472
43349500


401
2020-01-30
417
21
429
396
396
433
124445
51571200


402
2020-01-29
396
1
402
389
395
135
31006
12262300


403
2020-01-28
395
18
400
380
377
255
64888
25465000


404
2020-01-27
377
9
377
365
368
89
20540
7668020


405
2020-01-26
368
-12
381
367
380
96
23203
8625220


406
2020-01-23
380
-4
393
378
384
121
20196
7760740


407
2020-01-22
384
1
395
374
383
132
29970
11601300


408
2020-01-21
383
6
397
362
377
135
34594
13076600


409
2020-01-20
377
-14
394
370
391
249
68213
25854300


410
2020-01-19
391
19
404
353
372
327
86976
33482700


411
2020-01-16
372
26
372
342
346
165
54187
19012900


412
2020-01-15
346
13
348
334
333
81
17619
6030810


413
2020-01-14
333
1
347
327
332
106
36549
12225400


414
2020-01-13
332
-9
358
331
341
205
61367
20987600


415
2020-01-12
341
31
341
316
310
229
62675
20639600


416
2020-01-09
310
-8
315
301
318
144
26928
8357640


417
2020-01-08
318
-2
325
315
320
86
22217
7077550


418
2020-01-07
320
7
323
310
313
112
39029
12362800


419
2020-01-06
313
4
320
310
309
90
21641
6783680


420
2020-01-05
309
7
322
303
302
89
26754
8269400


421
2020-01-02
302
-2
304
299
304
31
7384
2217440


422
2020-01-01
304
0
305
302
304
13
4269
1299310


423
2019-12-31
304
-1
311
302
305
57
16036
4895460


424
2019-12-30
305
11
306
290
294
98
33668
10030100


425
2019-12-29
294
-4
298
292
298
33
12023
3536710


426
2019-12-26
298
5
298
293
293
19
4038
1195920


427
2019-12-25
293
3
301
293
290
31
6506
1926830


428
2019-12-24
290
-9
308
285
299
57
14050
4163660


429
2019-12-23
299
14
303
285
285
47
6977
2064870


430
2019-12-22
285
-5
292
285
290
14
2568
735945


431
2019-12-19
290
-1
292
288
291
16
3580
1036880


432
2019-12-18
291
-6
295
287
297
35
7773
2258660


433
2019-12-17
297
4
300
290
293
32
6209
1829750


434
2019-12-16
293
-12
306
290
305
44
9301
2783770


435
2019-12-15
305
-9
320
290
314
135
34403
10352300


436
2019-12-12
314
28
314
288
286
263
61717
18996800


437
2019-12-11
286
6
297
271
280
69
14174
4052700


438
2019-12-10
280
-6
287
272
286
51
9758
2735260


439
2019-12-09
286
11
286
265
275
73
15338
4276110


440
2019-12-08
275
10
275
255
265
40
6643
1720570


441
2019-12-05
265
9
265
251
256
40
5667
1466110


442
2019-12-04
256
9
258
249
247
18
2645
666533


443
2019-12-03
247
3
252
240
244
15
3445
842712


444
2019-12-02
244
-4
245
242
248
15
1523
370178


445
2019-12-01
248
2
249
243
246
8
2214
544528


446
2019-11-28
246
0
246
242
246
5
140
34350


447
2019-11-27
246
4
246
241
242
5
1364
331449


448
2019-11-26
242
-3
247
242
245
5
325
79021


449
2019-11-25
245
6
246
235
239
19
2775
669700


450
2019-11-24
239
-8
245
238
247
29
5544
1333470


451
2019-11-21
247
-7
249
242
254
25
4200
1027760


452
2019-11-20
254
-3
254
250
257
26
3951
996232


453
2019-11-19
257
-1
257
253
258
4
270
68370


454
2019-11-18
258
1
258
252
257
19
2864
725845


455
2019-11-17
257
-2
259
249
259
14
3057
764443


456
2019-11-14
259
2
259
255
257
12
2290
587363


457
2019-11-13
257
-15
267
252
272
17
2958
750826


458
2019-11-11
272
11
272
254
261
24
3891
1014920


459
2019-11-10
261
-4
261
253
265
19
2324
594635


460
2019-11-07
265
5
265
255
260
17
1736
448152


461
2019-11-06
260
-5
260
257
265
18
3042
787683


462
2019-11-05
265
0
266
262
265
4
375
98850


463
2019-11-04
265
-2
267
260
267
15
607
159569


464
2019-11-03
267
0
267
262
267
3
80
21260


465
2019-10-31
267
-1
268
263
268
6
475
125035


466
2019-10-24
268
1
270
266
267
9
1683
450878


467
2019-10-23
267
1
269
264
266
15
1541
410109


468
2019-10-22
266
9
269
255
257
9
1620
423910


469
2019-10-21
257
-7
264
257
264
19
1340
346478


470
2019-10-20
264
-3
264
262
267
5
98
25726


471
2019-10-17
267
-2
267
259
269
8
631
164759


472
2019-10-16
269
3
270
261
266
13
1003
263279


473
2019-10-15
266
-6
268
263
272
9
1413
374329


474
2019-10-14
272
-7
274
265
279
10
265
71380


475
2019-10-10
279
14
279
265
265
4
59
15970


476
2019-10-03
265
4
272
262
261
17
3167
843968


477
2019-10-02
261
-9
275
261
270
17
5435
1438500


478
2019-10-01
270
-1
276
265
271
22
3919
1045730


479
2019-09-30
271
5
271
261
266
10
1512
404205


480
2019-09-29
266
0
266
260
266
9
1134
297037


481
2019-09-26
266
3
266
258
263
21
2750
715229


482
2019-09-25
263
-4
267
263
267
10
1104
291126


483
2019-09-24
267
-2
274
264
269
31
3179
844813


484
2019-09-23
269
2
275
263
267
26
3970
1065830


485
2019-09-22
267
-3
267
257
270
22
4479
1163310


486
2019-09-19
270
-21
287
270
291
29
5376
1478180


487
2019-09-18
291
14
293
272
277
46
7229
2053170


488
2019-09-17
277
12
277
265
265
41
3848
1033470


489
2019-09-16
265
0
265
257
265
30
4724
1222350


490
2019-09-15
265
0
265
260
265
24
3864
1012560


491
2019-09-12
265
-14
280
264
279
18
1278
341248


492
2019-09-11
279
3
279
270
276
22
3167
862551


493
2019-09-10
276
3
281
267
273
28
3876
1049590


494
2019-09-09
273
-9
278
272
282
25
6347
1736090


495
2019-09-08
282
-7
284
276
289
33
4444
1237860


496
2019-09-05
289
7
290
284
282
26
4046
1156460


497
2019-09-04
282
-7
294
275
289
43
5728
1628780


498
2019-09-03
289
14
295
265
275
31
3341
915813


499
2019-09-02
275
-4
278
273
279
16
4121
1135420


500
2019-09-01
279
-3
281
272
282
26
3486
961335


501
2019-08-29
282
-9
288
280
291
25
2893
817957


502
2019-08-28
291
0
292
289
291
15
1587
460964


503
2019-08-27
291
1
291
289
290
13
2270
658320


504
2019-08-26
290
-4
293
289
294
13
1558
452760


505
2019-08-25
294
-4
295
290
298
29
4770
1393650


506
2019-08-22
298
-10
310
298
308
27
2808
850993


507
2019-08-21
308
6
308
290
302
40
7387
2189210


508
2019-08-20
302
-7
305
302
309
9
846
256922


509
2019-08-19
309
-1
310
302
310
31
6460
1973860


510
2019-08-18
310
0
311
305
310
20
2490
764353


511
2019-08-15
310
-2
310
307
312
14
1367
421356


512
2019-08-14
312
-7
315
312
319
18
2885
903560


513
2019-08-13
319
1
320
312
318
29
5861
1844120


514
2019-08-12
318
-4
320
313
322
33
5904
1870210


515
2019-08-11
322
0.14
325
317
321.86
27
2578
824685


516
2019-08-08
346
-2
348
343
348
72
9374
3230430


517
2019-08-07
348
-1
352
345
349
28
3937
1375070


518
2019-08-06
349
-6
355
349
355
21
6800
2382360


519
2019-08-05
355
3
355
349
352
31
4431
1561350


520
2019-08-04
352
-8
360
351
360
26
3222
1141340


521
2019-08-01
360
7
361
350
353
50
7400
2640880


522
2019-07-31
353
4
354
346
349
16
2302
809473


523
2019-07-30
349
5
349
343
344
22
2344
806515


524
2019-07-29
344
0
348
341
344
25
7107
2443650


525
2019-07-28
344
-9
353
342
353
42
10266
3548490


526
2019-07-25
353
-3
354
350
356
20
4211
1482710


527
2019-07-24
356
4
356
348
352
38
4129
1451560


528
2019-07-23
352
2
355
350
350
6
347
121925


529
2019-07-22
350
-1
355
347
351
22
6645
2328080


530
2019-07-21
351
1
354
346
350
25
3209
1116310


531
2019-07-18
350
-6
355
350
356
13
10425
3668560


532
2019-07-17
356
2
358
354
354
18
4917
1749820


533
2019-07-16
354
6
372
350
348
27
4651
1643480


534
2019-07-15
348
-5
351
346
353
32
5519
1921170


535
2019-07-14
353
-2
357
352
355
20
2726
962052


536
2019-07-11
355
2
355
350
353
39
8470
2980950


537
2019-07-10
353
3
354
351
350
27
7671
2708750


538
2019-07-09
350
-6
354
350
356
31
9509
3343510


539
2019-07-08
356
2
356
348
354
26
7830
2766770


540
2019-07-07
354
2
357
348
352
26
4151
1461320


541
2019-07-04
352
-9
360
352
361
36
8795
3142260


542
2019-07-03
361
1
364
352
360
41
8228
2945720


543
2019-07-02
360
14
360
347
346
30
4574
1599230


544
2019-07-01
346
-3
348
344
349
41
6323
2183580


545
2019-06-30
349
-7
353
345
356
68
11238
3913460


546
2019-06-27
356
-13
385
351
369
99
15474
5487150


547
2019-06-26
369
4
369
358
365
22
3962
1424170


548
2019-06-25
365
-4
370
363
369
10
1139
413577


549
2019-06-24
369
9
369
358
360
16
1973
709236


550
2019-06-23
360
-4
363
359
364
26
3189
1148210


551
2019-06-20
364
6
367
361
358
25
4739
1724020


552
2019-06-19
358
5
362
353
353
50
6536
2331640


553
2019-06-18
353
-13
370
353
366
31
5577
2029030


554
2019-06-17
366
-3
366
360
369
20
2408
877112


555
2019-06-16
369
-7
370
365
376
21
1888
690685


556
2019-06-13
376
8
376
369
368
12
2061
766091


557
2019-06-12
368
0
370
363
368
27
3040
1107380


558
2019-06-11
368
-4
375
368
372
11
870
321640


559
2019-06-10
372
-10
380
370
382
32
5577
2084880


560
2019-06-06
382
-6
384
380
388
12
1549
592698


561
2019-06-04
388
2
391
376
386
16
1757
668812


562
2019-06-03
386
-4
386
383
390
31
5263
2020420


563
2019-06-02
390
4
393
367
386
41
4819
1871400


564
2019-05-30
386
0
399
386
386
31
3449
1357390


565
2019-05-29
386
-1
396
383
387
8
710
275600


566
2019-05-28
387
1
391
387
386
15
1856
721527


567
2019-05-27
386
-5
391
386
391
4
111
43271


568
2019-05-26
391
-4
395
388
395
24
2727
1064440


569
2019-05-23
395
2
399
389
393
27
4827
1895380


570
2019-05-22
393
-1
397
380
394
44
8643
3362370


571
2019-05-21
394
-5
397
390
399
33
6984
2745160


572
2019-05-20
399
3
400
393
396
28
4280
1696480


573
2019-05-19
396
-4
405
395
400
65
61896
24537800


574
2019-05-16
400
0
401
400
400
18
4456
1782900


575
2019-05-15
400
-2
409
399
402
50
10442
4198250


576
2019-05-14
402
5
404
389
397
32
5708
2270320


577
2019-05-13
397
-2
401
393
399
14
2381
946760


578
2019-05-12
399
-2
406
390
401
40
15867
6245830


579
2019-05-09
401
0
401
395
401
19
5580
2225980


580
2019-05-08
401
-5
405
399
406
21
3108
1245110


581
2019-05-07
406
6
409
396
400
39
12604
5054120


582
2019-05-06
400
2
401
390
398
31
4368
1731890


583
2019-05-05
398
-8
408
396
406
28
4399
1765450


584
2019-05-02
406
3
411
396
403
43
8375
3387610


585
2019-04-30
403
-16
415
399
419
79
42163
17045300


586
2019-04-29
419
-14
448
409
433
158
39362
16770900


587
2019-04-28
433
39
433
398
394
225
47306
19912600


588
2019-04-25
394
10
400
390
384
68
17034
6716950


589
2019-04-24
384
-6
390
382
390
84
32197
12409000


590
2019-04-23
390
2
393
384
388
38
14018
5433220


591
2019-04-22
388
11
392
381
377
65
17460
6737500


592
2019-04-21
377
-3
380
373
380
32
13563
5122200


593
2019-04-18
380
2
382
371
378
23
5340
1994230


594
2019-04-17
378
-6
390
378
384
30
7395
2825030


595
2019-04-16
384
8
384
371
376
50
19863
7465550


596
2019-04-15
376
-3
382
372
379
15
1070
402080


597
2019-04-11
379
-1
383
373
380
21
2575
967995


598
2019-04-10
380
-5
380
375
385
19
4324
1637150


599
2019-04-09
385
-5
395
381
390
59
12029
4666190


600
2019-04-08
390
18
397
372
372
85
19048
7382530


601
2019-04-07
372
-3
374
365
375
20
3685
1357570


602
2019-04-04
375
-8
377
368
383
48
9004
3361880


603
2019-04-03
383
17
383
366
366
25
10256
3791150


604
2019-04-02
366
-4
370
366
370
18
2585
950150


605
2019-04-01
370
-2
372
365
372
24
2761
1010920


606
2019-03-31
372
1
372
365
371
12
2479
910622


607
2019-03-28
371
-2
378
367
373
52
6956
2574470


608
2019-03-27
373
0
373
369
373
13
1666
617395


609
2019-03-26
373
1
373
370
372
12
2374
881380


610
2019-03-25
372
3
375
368
369
36
7522
2793170


611
2019-03-24
369
-1
372
365
370
7
865
320435


612
2019-03-21
370
-6
379
370
376
32
4813
1789500


613
2019-03-19
376
-5
378
376
381
10
1325
499240


614
2019-03-18
381
-5
388
376
386
28
5483
2084290


615
2019-03-17
386
4
390
386
382
17
2732
1058220


616
2019-03-14
382
-2
390
377
384
27
6106
2333960


617
2019-03-13
384
-5
390
380
389
61
10385
3989930


618
2019-03-12
389
6
390
381
383
52
10407
4020650


619
2019-03-11
383
-3
386
379
386
62
10880
4168490


620
2019-03-10
386
3
387
371
383
31
5705
2163880


621
2019-03-07
383
12
383
368
371
48
10741
4058430


622
2019-03-06
371
6
371
362
365
14
4000
1472060


623
2019-03-05
365
0
369
361
365
12
892
325602


624
2019-03-03
365
-9
374
365
374
18
3100
1134350


625
2019-02-27
374
5
374
365
369
17
2979
1100470


626
2019-02-26
369
-8
377
361
377
18
5071
1843230


627
2019-02-25
377
13
377
360
364
12
3400
1247570


628
2019-02-24
364
-5
369
364
369
17
1890
692260


629
2019-02-21
369
-3
376
369
372
17
4094
1521810


630
2019-02-20
372
-11
387
367
383
33
7159
2685170


631
2019-02-19
383
18
383
365
365
31
5561
2068340


632
2019-02-18
365
1
369
363
364
16
2264
823880


633
2019-02-17
364
2
369
362
362
17
1712
623576


634
2019-02-14
362
-1
375
362
363
36
3315
1205530


635
2019-02-13
363
-15
385
363
378
48
9320
3465270


636
2019-02-12
378
2
385
373
376
40
6002
2267430


637
2019-02-11
376
2
381
368
374
52
15295
5752070


638
2019-02-10
374
2.48
395
365
371.52
93
25054
9356680


639
2019-02-07
548
5
549
536
543
179
45394
24520400


640
2019-02-06
543
-14
565
540
557
82
12517
6858280


641
2019-02-05
557
1
562
551
556
58
7441
4144900


642
2019-02-04
556
-8
567
556
564
68
10468
5850580


643
2019-02-03
564
-5
575
563
569
72
8044
4557640


644
2019-01-31
569
-1
573
561
570
30
7056
3990940


645
2019-01-30
570
2
579
562
568
14
1314
747017


646
2019-01-29
568
-2
588
568
570
112
21708
12454600


647
2019-01-28
570
8
570
562
562
10
2150
1222500


648
2019-01-27
562
-13
575
562
575
21
5811
3275930


649
2019-01-24
575
-5
580
570
580
23
4195
2400100


650
2019-01-23
580
12
580
560
568
34
8339
4754580


651
2019-01-22
568
1
570
558
567
14
2479
1404360


652
2019-01-21
567
-3
570
562
570
14
2161
1218300


653
2019-01-20
570
0
570
565
570
8
920
521600


654
2019-01-17
570
-12
582
568
582
30
9257
5299220


655
2019-01-16
582
-1
592
575
583
68
17535
10185200


656
2019-01-15
583
27
584
556
556
66
22829
13214900


657
2019-01-14
556
3
564
543
553
12
6452
3600210


658
2019-01-13
553
-6
560
553
559
23
4261
2368330


659
2019-01-10
559
-6
574
559
565
15
1039
584253


660
2019-01-09
565
-3
575
563
568
20
3559
2016020


661
2019-01-08
568
7
573
561
561
20
6483
3669230


662
2019-01-07
561
6
570
555
555
47
10715
6025860


663
2019-01-06
555
-9
564
555
564
19
4271
2375660


664
2019-01-03
564
-1
572
561
565
30
3162
1785100


665
2019-01-02
565
-5
575
561
570
28
3054
1719220


666
2019-01-01
570
4
577
555
566
36
6526
3711060


667
2018-12-31
566
-12
590
562
578
56
12988
7437630


668
2018-12-30
578
-2
590
571
580
66
11510
6665400


669
2018-12-27
580
-4
603
573
584
160
34443
20262800


670
2018-12-26
584
24
586
551
560
91
19005
10943300


671
2018-12-25
560
-5
565
550
565
61
17964
9964940


672
2018-12-24
565
6
580
541
559
137
30723
17344800


673
2018-12-23
559
29
570
530
530
106
20356
11202800


674
2018-12-20
530
10
544
511
520
49
10606
5632100


675
2018-12-19
520
-5
541
515
525
31
8151
4302600


676
2018-12-18
525
-15
540
514
540
62
22860
11886200


677
2018-12-17
540
21
540
510
519
52
13488
7093020


678
2018-12-16
519
16
519
493
503
32
4148
2110820


679
2018-12-12
490
0
492
487
490
9
696
341068


680
2018-12-11
490
-10
500
481
500
7
1770
856800


681
2018-12-10
500
13
505
487
487
19
6985
3457080


682
2018-12-09
487
11
487
467
476
22
2711
1284030


683
2018-12-06
476
11
489
457
465
30
6963
3270700


684
2018-12-05
465
-11
476
440
476
20
6494
2901980


685
2018-12-04
476
0
484
472
476
8
786
376932


686
2018-12-03
476
-3
495
476
479
32
4755
2305300


687
2018-12-02
479
-22.14
501.14
466
501.14
33
4159
1977690


688
2018-11-28
508
-2
510
505
510
10
20724
10468800


689
2018-11-27
510
0.67
515
507
509.33
12
2436
1250090


690
2018-11-25
510
-9
524
510
519
3
7150
3647600


691
2018-11-22
519
8
519
511
511
10
5130
2651340


692
2018-11-20
511
-8
519
511
519
13
2506
1283270


693
2018-11-19
519
-6
525
515
525
17
2966
1551120


694
2018-11-18
525
9
525
516
516
11
1348
702115


695
2018-11-15
516
0
536
516
516
18
2514
1306450


696
2018-11-14
516
-1
525
514
517
10
1329
689158


697
2018-11-13
517
11
526
506
506
12
5774
3000580


698
2018-11-12
506
-13
519
505
519
9
2694
1371120


699
2018-11-11
519
-9
528
519
528
4
600
312420


700
2018-11-06
528
-9
520
520
537
2
110
57480


701
2018-11-05
537
17
537
518
520
5
301
158878


702
2018-11-04
520
-14
530
520
534
9
1462
763428


703
2018-11-01
534
12
534
512
522
24
2299
1209250


704
2018-10-31
522
-2
532
517
524
14
1518
792912


705
2018-10-30
524
0
525
524
524
6
268
140586


706
2018-10-29
524
-8
532
517
532
25
1880
987438


707
2018-10-28
532
-14
546
530
546
17
1236
656582


708
2018-10-25
546
-8
547
538
554
7
830
451770


709
2018-10-24
554
4
554
539
550
17
4302
2325940


710
2018-10-23
550
12
550
535
538
18
1876
1014850


711
2018-10-22
538
-1
549
538
539
17
3234
1756130


712
2018-10-21
539
0
549
539
539
2
1010
544490


713
2018-10-15
539
-11
552
539
550
21
4745
2588340


714
2018-10-14
550
11
550
538
539
18
5019
2735040


715
2018-10-11
539
7
539
525
532
36
8614
4554900


716
2018-10-10
532
5
537
528
527
15
1730
922140


717
2018-10-09
527
-23
550
527
550
38
11068
5956340


718
2018-10-08
550
7
550
535
543
27
3735
2015530


719
2018-10-07
543
7
546
528
536
25
4804
2572170


720
2018-10-04
536
-5
545
531
541
34
5696
3075340


721
2018-10-03
541
-13
562
541
554
21
3571
1956780


722
2018-10-02
554
9
556
537
545
40
7734
4249430


723
2018-10-01
545
-21
562
543
566
33
5184
2849840


724
2018-09-30
566
-8
570
561
574
38
5197
2941290


725
2018-09-27
574
-5
585
574
579
35
5550
3191610


726
2018-09-26
579
-1
591
571
580
93
17077
9926160


727
2018-09-25
580
4
586
562
563
72
20139
11524400


728
2018-09-23
563
-3
570
557
566
17
2070
1169320


729
2018-09-20
566
-14
583
566
580
73
20033
11444900


730
2018-09-18
580
7
588
566
573
112
21219
12317300


","


S.N
Date
Up(Days)
Down(Days)


 
1
2021-12
7
12


2
2021-11
9
10


3
2021-10
11
6


4
2021-09
7
14


5
2021-08
6
14


6
2021-07
7
13


7
2021-06
11
11


8
2021-05
10
11


9
2021-04
6
13


10
2021-03
12
8


11
2021-02
6
14


12
2021-01
15
5


13
2020-12
9
14


14
2020-11
10
9


15
2020-10
5
13


16
2020-09
10
11


17
2020-08
14
7


18
2020-07
12
10


19
2020-06
1
1


20
2020-05
0
2


21
2020-03
5
9


22
2020-02
12
8


23
2020-01
14
8


24
2019-12
13
10


25
2019-11
6
13


26
2019-10
6
8


27
2019-09
9
13


28
2019-08
6
15


29
2019-07
13
10


30
2019-06
7
12


31
2019-05
7
14


32
2019-04
8
13


33
2019-03
8
11


34
2019-02
10
9


35
2019-01
9
14


36
2018-12
9
12


37
2018-11
6
10


38
2018-10
8
12


39
2018-09
2
5




S.N
Total
326
404


"
