,S.N,Date,Price,Change,Max Price,Min Price,Prev Price,Transaction,Volume,Amount
0,1,2022-01-03,329.0,8.0,331.0,320.9,321.0,339,200383,65335200
1,2,2022-01-02,321.0,5.0,323.1,311.0,316.0,207,114133,36649800
2,3,2021-12-29,316.0,-3.0,321.9,316.0,319.0,151,58672,18613400
3,4,2021-12-28,319.0,3.0,322.0,313.1,316.0,219,41606,13193400
4,5,2021-12-27,316.0,-4.0,325.0,316.0,320.0,234,61050,19575200
5,6,2021-12-26,320.0,2.0,324.0,318.0,318.0,282,89164,28632500
6,7,2021-12-23,318.0,3.1,321.1,315.0,314.9,298,88052,28018400
7,8,2021-12-22,314.9,7.9,315.8,309.0,307.0,255,68932,21576300
8,9,2021-12-21,307.0,7.2,307.0,300.0,299.8,201,58687,17847800
9,10,2021-12-20,299.8,-0.2,306.0,296.0,300.0,262,92841,27993500
10,11,2021-12-16,300.0,-3.0,304.0,297.0,303.0,144,63688,19175800
11,12,2021-12-15,303.0,0.0,315.0,291.1,303.0,285,140796,42406700
12,13,2021-12-14,303.0,13.0,303.0,285.2,290.0,141,38854,11493000
13,14,2021-12-13,290.0,0.0,292.8,279.0,290.0,335,95972,27600700
14,15,2021-12-12,290.0,-3.5,295.0,288.0,293.5,236,74389,21686000
15,16,2021-12-09,293.5,0.5,296.0,290.2,293.0,131,19408,5703950
16,17,2021-12-08,293.0,-4.0,300.9,292.0,297.0,153,35554,10466000
17,18,2021-12-07,297.0,-1.0,303.0,295.0,298.0,147,17173,5136590
18,19,2021-12-06,298.0,3.0,300.0,289.2,295.0,231,59491,17534900
19,20,2021-12-05,295.0,-6.0,302.0,293.5,301.0,266,70785,20959800
20,21,2021-12-02,301.0,-4.0,308.0,301.0,305.0,166,52968,16103200
21,22,2021-12-01,305.0,3.0,308.0,303.0,302.0,134,33226,10151100
22,23,2021-11-30,302.0,-0.4,308.4,300.0,302.4,217,59667,18084500
23,24,2021-11-29,302.4,-4.0,312.5,300.3,306.4,251,73598,22454000
24,25,2021-11-28,306.4,-10.6,320.0,306.4,317.0,250,55231,17217900
25,26,2021-11-25,317.0,-1.0,323.0,309.8,318.0,205,51828,16359700
26,27,2021-11-24,318.0,-1.5,320.0,315.0,319.5,127,19446,6173710
27,28,2021-11-23,319.5,-2.8,325.0,319.1,322.3,168,36983,11859000
28,29,2021-11-22,322.3,0.3,328.0,322.2,322.0,143,27353,8886930
29,30,2021-11-21,322.0,0.0,325.0,320.1,322.0,107,22345,7189650
30,31,2021-11-18,322.0,-4.0,339.0,320.0,326.0,217,57831,18712200
31,32,2021-11-17,326.0,2.0,336.1,322.0,324.0,233,49057,16162600
32,33,2021-11-16,324.0,4.0,324.8,318.1,320.0,207,38510,12411700
33,34,2021-11-15,320.0,0.5,324.0,319.1,319.5,156,31990,10257200
34,35,2021-11-14,319.5,0.0,322.0,315.0,319.5,198,43940,14021000
35,36,2021-11-11,319.5,-1.5,325.0,315.0,321.0,327,140057,44879700
36,37,2021-11-09,321.0,-11.0,331.0,319.5,332.0,334,87625,28401000
37,38,2021-11-08,332.0,-7.0,345.7,330.0,339.0,211,51399,17121300
38,39,2021-11-03,339.0,-6.0,349.0,339.0,345.0,274,56490,19396900
39,40,2021-11-02,345.0,5.0,346.5,335.0,340.0,293,93614,32042000
40,41,2021-11-01,340.0,8.0,345.5,335.0,332.0,517,213234,72509100
41,42,2021-10-31,332.0,8.0,334.0,324.0,324.0,375,106955,35215000
42,43,2021-10-28,324.0,-4.7,328.0,323.3,328.7,263,60124,19498600
43,44,2021-10-27,328.7,1.3,334.0,323.0,327.4,410,107282,35212000
44,45,2021-10-26,327.4,5.4,330.8,322.0,322.0,358,111401,36379500
45,46,2021-10-25,322.0,3.0,323.0,315.0,319.0,319,69223,22177700
46,47,2021-10-24,319.0,-3.07,320.0,304.0,322.07,541,114493,35757900
47,48,2021-10-21,364.9,-6.7,379.0,364.0,371.6,1744,313369,115614000
48,49,2021-10-20,371.6,7.8,384.5,367.0,363.8,412,89343,33234000
49,50,2021-10-19,363.8,-8.2,370.0,356.0,372.0,535,105022,37930000
50,51,2021-10-18,372.0,-14.0,386.0,370.5,386.0,629,124485,46742900
51,52,2021-10-17,386.0,0.0,394.0,381.5,386.0,270,44105,17025400
52,53,2021-10-11,386.0,-1.5,392.0,380.0,387.5,470,91780,35316800
53,54,2021-10-10,387.5,-0.6,402.0,387.0,388.1,647,149742,58513800
54,55,2021-10-06,388.1,6.2,389.6,384.2,381.9,366,102791,39843600
55,56,2021-10-05,381.9,4.8,384.0,379.8,377.1,260,49303,18813500
56,57,2021-10-04,377.1,-3.5,382.0,373.0,380.6,348,96621,36498500
57,58,2021-10-03,380.6,-5.2,400.0,379.5,385.8,416,67436,25824100
58,59,2021-09-30,385.8,-5.1,395.0,385.0,390.9,397,67654,26275800
59,60,2021-09-29,390.9,5.9,396.9,381.0,385.0,389,77958,30218600
60,61,2021-09-28,385.0,-6.9,394.0,381.2,391.9,471,114028,43974400
61,62,2021-09-27,391.9,-7.1,400.0,388.0,399.0,483,104865,40962400
62,63,2021-09-26,399.0,-12.0,419.2,398.5,411.0,1004,185751,75289300
63,64,2021-09-23,411.0,13.0,422.0,405.0,398.0,2642,575194,238689000
64,65,2021-09-22,398.0,20.4,398.0,381.0,377.6,447,117891,46084000
65,66,2021-09-21,377.6,4.1,392.0,367.2,373.5,508,146986,55424200
66,67,2021-09-20,373.5,-9.5,383.0,370.5,383.0,553,181360,67866300
67,68,2021-09-16,383.0,-11.0,393.0,380.6,394.0,533,165303,63525500
68,69,2021-09-15,394.0,-4.0,398.0,392.3,398.0,214,52563,20728400
69,70,2021-09-14,398.0,-2.5,404.9,396.0,400.5,320,73472,29427100
70,71,2021-09-13,400.5,3.5,408.0,398.0,397.0,415,130938,52686700
71,72,2021-09-12,397.0,9.9,402.0,390.0,387.1,421,107313,42507900
72,73,2021-09-09,387.1,-3.9,395.0,385.3,391.0,304,47634,18478200
73,74,2021-09-08,391.0,-7.0,398.0,387.1,398.0,363,97637,38034700
74,75,2021-09-07,398.0,-12.0,410.0,391.2,410.0,455,146968,58768800
75,76,2021-09-06,410.0,22.0,410.0,386.0,388.0,615,163079,65292400
76,77,2021-09-05,388.0,-6.0,399.0,385.3,394.0,614,150587,58634100
77,78,2021-09-02,394.0,-3.5,404.0,392.2,397.5,654,232228,91907400
78,79,2021-09-01,397.5,2.5,405.0,388.0,395.0,598,140174,56016100
79,80,2021-08-31,395.0,-11.0,409.0,390.3,406.0,982,290250,115251000
80,81,2021-08-29,406.0,-9.0,423.3,404.0,415.0,680,166720,68284900
81,82,2021-08-26,415.0,-3.0,423.0,411.1,418.0,555,139357,58033500
82,83,2021-08-25,418.0,-3.1,429.5,415.0,421.1,453,140913,58816100
83,84,2021-08-24,421.1,-7.0,435.0,420.0,428.1,455,123845,52363800
84,85,2021-08-19,428.1,-4.9,441.0,428.0,433.0,603,182974,79281900
85,86,2021-08-18,433.0,9.0,455.0,417.0,424.0,964,254492,109910000
86,87,2021-08-17,424.0,-12.0,444.7,423.0,436.0,709,233400,100063000
87,88,2021-08-16,436.0,-4.0,440.0,427.0,440.0,602,194333,84117800
88,89,2021-08-15,440.0,-2.9,448.0,421.4,442.9,1032,328639,142502000
89,90,2021-08-12,442.9,9.9,443.5,427.5,433.0,1153,368813,162134000
90,91,2021-08-11,433.0,-2.0,450.0,429.0,435.0,776,286433,124669000
91,92,2021-08-10,435.0,19.0,438.0,414.0,416.0,976,368422,158356000
92,93,2021-08-09,416.0,-2.9,421.7,415.7,418.9,386,99199,41382200
93,94,2021-08-08,418.9,-3.1,427.0,418.1,422.0,490,146770,62037400
94,95,2021-08-05,422.0,3.0,425.0,418.5,419.0,512,120641,50938600
95,96,2021-08-04,419.0,2.0,420.0,415.1,417.0,459,108687,45561300
96,97,2021-08-03,417.0,-1.0,426.0,415.1,418.0,421,110878,46190200
97,98,2021-08-02,418.0,1.0,424.0,413.0,417.0,528,113592,47744100
98,99,2021-08-01,417.0,-4.8,428.9,416.0,421.8,492,123227,51487800
99,100,2021-07-29,421.8,-2.4,425.0,419.0,424.2,467,123291,51937800
100,101,2021-07-28,424.2,-3.8,436.0,421.0,428.0,481,153312,65144900
101,102,2021-07-27,428.0,1.0,430.0,411.0,427.0,995,335622,142109000
102,103,2021-07-26,427.0,-15.5,450.0,425.0,442.5,1787,577249,248934000
103,104,2021-07-25,442.5,18.5,442.5,428.0,424.0,1256,411893,180170000
104,105,2021-07-22,424.0,11.0,430.0,411.0,413.0,1182,381368,161096000
105,106,2021-07-20,413.0,-2.0,416.0,408.0,415.0,529,160841,66163800
106,107,2021-07-19,415.0,2.0,425.0,409.0,413.0,1120,372529,154743000
107,108,2021-07-18,413.0,28.0,415.0,391.0,385.0,1320,454517,184739000
108,109,2021-07-15,385.0,0.0,404.0,382.0,385.0,325,102360,39313500
109,110,2021-07-14,385.0,0.0,388.0,381.0,385.0,195,48685,18686900
110,111,2021-07-13,385.0,1.0,400.0,381.0,384.0,352,103387,39779100
111,112,2021-07-12,384.0,-8.0,396.0,381.0,392.0,590,196627,76257100
112,113,2021-07-11,392.0,12.0,393.0,381.0,380.0,497,162025,62860200
113,114,2021-07-08,380.0,7.0,380.0,372.0,373.0,297,158235,59323400
114,115,2021-07-07,373.0,2.0,378.0,371.0,371.0,285,116451,43371500
115,116,2021-07-06,371.0,-2.0,375.0,370.0,373.0,352,116202,43169400
116,117,2021-07-05,373.0,-3.0,377.0,373.0,376.0,237,63490,23746200
117,118,2021-07-04,376.0,-4.0,384.0,375.0,380.0,271,126417,47502900
118,119,2021-07-01,380.0,-1.0,386.0,379.0,381.0,340,88156,33709000
119,120,2021-06-30,381.0,0.0,381.0,373.0,381.0,433,128160,48246000
120,121,2021-06-29,381.0,-8.0,394.0,379.0,389.0,363,129364,49382100
121,122,2021-06-28,389.0,-1.0,397.0,388.0,390.0,451,136529,53479600
122,123,2021-06-27,390.0,10.0,396.0,371.0,380.0,792,250934,96997500
123,124,2021-06-24,380.0,0.0,388.0,373.0,380.0,453,111123,42092000
124,125,2021-06-23,380.0,-11.0,392.0,378.0,391.0,552,122241,46858300
125,126,2021-06-22,391.0,11.0,394.0,375.0,380.0,818,198748,76627300
126,127,2021-06-21,380.0,-11.0,410.0,377.0,391.0,1037,299383,114469000
127,128,2021-06-20,391.0,-13.0,403.0,387.0,404.0,969,302686,119526000
128,129,2021-06-17,404.0,1.0,406.0,396.0,403.0,604,169330,67880600
129,130,2021-06-16,403.0,-3.0,420.0,396.0,406.0,967,314455,127875000
130,131,2021-06-15,406.0,-5.0,424.0,391.0,411.0,1505,443314,183362000
131,132,2021-06-14,411.0,19.0,413.0,395.0,392.0,1348,423497,172537000
132,133,2021-06-13,392.0,7.0,394.0,379.0,385.0,1021,295127,113895000
133,134,2021-06-10,385.0,-3.0,391.0,382.0,388.0,816,189205,72956000
134,135,2021-06-09,388.0,-6.0,405.0,385.0,394.0,841,182534,71795100
135,136,2021-06-08,394.0,4.0,404.0,386.0,390.0,1107,358544,141197000
136,137,2021-06-07,390.0,-2.0,399.0,380.0,392.0,1397,474684,183191000
137,138,2021-06-06,392.0,22.0,400.0,376.0,370.0,2050,573046,222162000
138,139,2021-06-03,370.0,22.0,374.0,345.0,348.0,2111,689017,252180000
139,140,2021-06-02,348.0,1.0,353.0,342.0,347.0,416,123605,43102600
140,141,2021-06-01,347.0,-2.0,353.0,342.0,349.0,438,93619,32495300
141,142,2021-05-31,349.0,-5.0,363.0,348.0,354.0,942,304061,108054000
142,143,2021-05-30,354.0,12.0,357.0,339.0,342.0,979,368516,129361000
143,144,2021-05-27,342.0,0.0,349.0,330.0,342.0,666,220817,75022800
144,145,2021-05-25,342.0,-5.0,364.0,339.0,347.0,628,202333,69666900
145,146,2021-05-24,347.0,-3.0,360.0,344.0,350.0,1233,426622,149328000
146,147,2021-05-23,350.0,17.0,351.0,326.0,333.0,1371,450713,153511000
147,148,2021-05-20,333.0,10.0,334.0,326.0,323.0,944,279842,92727700
148,149,2021-05-19,323.0,0.0,335.0,322.0,323.0,894,332161,108717000
149,150,2021-05-18,323.0,5.0,323.0,317.0,318.0,430,131411,42015500
150,151,2021-05-17,318.0,1.0,323.0,316.0,317.0,424,117270,37270800
151,152,2021-05-16,317.0,7.0,317.0,311.0,310.0,404,119160,37493600
152,153,2021-05-13,310.0,2.0,312.0,307.0,308.0,234,56793,17578000
153,154,2021-05-12,308.0,-2.0,313.0,307.0,310.0,170,37537,11578900
154,155,2021-05-11,310.0,1.0,315.0,309.0,309.0,187,42457,13189800
155,156,2021-05-10,309.0,-2.0,314.0,309.0,311.0,169,33258,10313000
156,157,2021-05-09,311.0,5.0,318.0,300.0,306.0,563,209074,65210800
157,158,2021-05-06,306.0,3.0,313.0,300.0,303.0,323,84268,25787200
158,159,2021-05-05,303.0,-1.0,305.0,302.0,304.0,231,69333,21016500
159,160,2021-05-04,304.0,-1.0,308.0,301.0,305.0,191,47086,14314400
160,161,2021-05-03,305.0,-2.0,314.0,292.0,307.0,373,94379,28952700
161,162,2021-05-02,307.0,2.0,320.0,302.0,305.0,235,51049,15678100
162,163,2021-04-29,305.0,3.0,307.0,298.0,302.0,175,35053,10642600
163,164,2021-04-28,302.0,-5.0,310.0,300.0,307.0,183,40773,12380200
164,165,2021-04-27,307.0,11.0,309.0,296.0,296.0,319,74813,22664500
165,166,2021-04-26,296.0,-3.0,305.0,292.0,299.0,339,85543,25577300
166,167,2021-04-25,299.0,-12.0,312.0,299.0,311.0,417,117305,35532000
167,168,2021-04-22,311.0,1.0,312.0,295.0,310.0,311,74688,23060600
168,169,2021-04-21,310.0,-3.0,317.0,298.0,313.0,292,68343,21227800
169,170,2021-04-20,313.0,0.0,316.0,310.0,313.0,277,68935,21565600
170,171,2021-04-19,313.0,-7.0,322.0,312.0,320.0,338,80388,25405200
171,172,2021-04-18,320.0,-5.0,328.0,320.0,325.0,455,102248,33022100
172,173,2021-04-15,325.0,3.0,330.0,322.0,322.0,601,158173,51639300
173,174,2021-04-13,322.0,8.0,323.0,314.0,314.0,550,138560,44274300
174,175,2021-04-12,314.0,3.0,315.0,308.0,311.0,393,90281,28188900
175,176,2021-04-08,311.0,1.0,311.0,308.0,310.0,330,83930,25986400
176,177,2021-04-07,310.0,-1.0,314.0,308.0,311.0,335,76507,23830900
177,178,2021-04-06,311.0,1.0,311.0,305.0,310.0,266,73720,22750100
178,179,2021-04-05,310.0,-3.0,313.0,308.0,313.0,231,46535,14437300
179,180,2021-04-04,313.0,5.0,317.0,309.0,308.0,398,76154,23759000
180,181,2021-04-01,308.0,3.0,311.0,303.0,305.0,412,100525,30914800
181,182,2021-03-31,305.0,3.0,307.0,301.0,302.0,301,72242,22027500
182,183,2021-03-30,302.0,2.0,302.0,298.0,300.0,170,37153,11161200
183,184,2021-03-29,300.0,-2.0,301.0,297.0,302.0,181,41009,12242500
184,185,2021-03-25,302.0,-5.0,308.0,300.0,307.0,321,74086,22350600
185,186,2021-03-24,307.0,7.0,308.0,299.0,300.0,338,99994,30272000
186,187,2021-03-23,300.0,0.0,301.0,296.0,300.0,223,34491,10328500
187,188,2021-03-22,300.0,-7.0,308.0,299.0,307.0,258,49436,14936000
188,189,2021-03-21,307.0,4.0,309.0,300.0,303.0,331,56449,17170900
189,190,2021-03-18,303.0,8.0,315.0,295.0,295.0,391,76514,23225600
190,191,2021-03-17,295.0,7.0,295.0,286.0,288.0,267,50674,14786000
191,192,2021-03-16,288.0,1.0,290.0,285.0,287.0,326,77944,22345200
192,193,2021-03-15,287.0,-4.0,290.0,281.0,291.0,341,81646,23429900
193,194,2021-03-14,291.0,-7.0,299.0,288.0,298.0,497,95937,27920200
194,195,2021-03-10,298.0,0.0,302.0,297.0,298.0,179,45586,13608500
195,196,2021-03-09,298.0,-4.0,304.0,296.0,302.0,193,56919,17032600
196,197,2021-03-07,302.0,-5.0,309.0,300.0,307.0,222,88289,26814600
197,198,2021-03-04,307.0,6.0,308.0,301.0,301.0,309,95977,29234600
198,199,2021-03-03,301.0,3.0,314.0,291.0,298.0,382,124851,36970400
199,200,2021-03-02,298.0,-10.0,310.0,295.0,308.0,375,98396,29644000
200,201,2021-03-01,308.0,4.0,321.0,298.0,304.0,319,100710,30965800
201,202,2021-02-28,304.0,-7.0,311.0,300.0,311.0,475,197426,59918300
202,203,2021-02-25,311.0,-8.0,321.0,309.0,319.0,350,135005,42108500
203,204,2021-02-24,319.0,5.0,327.0,311.0,314.0,373,148467,47627100
204,205,2021-02-23,314.0,-2.0,320.0,305.0,316.0,504,208122,64501100
205,206,2021-02-22,316.0,-15.0,340.0,312.0,331.0,658,242268,76987900
206,207,2021-02-21,331.0,-5.0,352.0,330.0,336.0,542,171914,57314700
207,208,2021-02-18,336.0,14.0,338.0,314.0,322.0,911,471387,154010000
208,209,2021-02-17,322.0,7.0,323.0,313.0,315.0,672,307769,98753000
209,210,2021-02-16,315.0,3.0,324.0,310.0,312.0,679,269101,85316100
210,211,2021-02-15,312.0,11.0,312.0,303.0,301.0,408,243578,74756900
211,212,2021-02-14,301.0,-6.0,310.0,300.0,307.0,325,92024,27830400
212,213,2021-02-11,307.0,0.0,317.0,306.0,307.0,604,218921,68301500
213,214,2021-02-10,307.0,5.0,313.0,297.0,302.0,520,167707,51352200
214,215,2021-02-09,302.0,-8.0,319.0,299.0,310.0,725,222586,68286100
215,216,2021-02-08,310.0,24.0,310.0,286.0,286.0,957,336941,100738000
216,217,2021-02-07,286.0,-1.0,290.0,283.0,287.0,255,77913,22283200
217,218,2021-02-04,287.0,3.0,289.0,282.0,284.0,236,126908,36337300
218,219,2021-02-03,284.0,1.0,291.0,284.0,283.0,365,145192,41744800
219,220,2021-02-02,283.0,5.0,288.0,279.0,278.0,335,156384,44007700
220,221,2021-02-01,278.0,7.0,284.0,274.0,271.0,238,110427,30574000
221,222,2021-01-31,271.0,-5.0,285.0,270.0,276.0,433,197708,54070600
222,223,2021-01-28,276.0,-12.0,286.0,276.0,288.0,483,190608,53518900
223,224,2021-01-27,288.0,-3.0,293.0,283.0,291.0,364,140394,40313500
224,225,2021-01-26,291.0,-4.0,301.0,290.0,295.0,303,98025,28781000
225,226,2021-01-25,295.0,-2.0,299.0,291.0,297.0,319,115767,34073000
226,227,2021-01-24,297.0,-2.0,306.0,295.0,299.0,373,141395,42066700
227,228,2021-01-21,299.0,-4.0,303.0,295.0,303.0,399,164537,48975500
228,229,2021-01-20,303.0,10.0,315.0,289.0,293.0,746,335020,101465000
229,230,2021-01-19,293.0,10.0,294.0,278.0,283.0,601,268228,76624400
230,231,2021-01-18,283.0,1.0,285.0,280.0,282.0,279,126352,35743300
231,232,2021-01-17,282.0,-2.0,290.0,279.0,284.0,333,172653,48637800
232,233,2021-01-13,284.0,1.0,288.0,283.0,283.0,331,124821,35551800
233,234,2021-01-12,283.0,3.0,284.0,275.0,280.0,297,216042,60535200
234,235,2021-01-11,280.0,-8.0,295.0,275.0,288.0,537,203329,57391200
235,236,2021-01-10,288.0,11.0,288.0,276.0,277.0,741,331999,93741400
236,237,2021-01-07,277.0,8.0,278.0,267.0,269.0,630,250397,68729600
237,238,2021-01-06,269.0,13.0,269.0,253.0,256.0,591,314792,83510000
238,239,2021-01-05,256.0,1.0,260.0,251.0,255.0,188,68348,17480600
239,240,2021-01-04,255.0,-5.0,267.0,250.0,260.0,421,178022,45733300
240,241,2021-01-03,260.0,17.0,262.0,247.0,243.0,603,218674,55347100
241,242,2020-12-31,243.0,2.0,249.0,240.0,241.0,231,120233,29378000
242,243,2020-12-30,241.0,-1.0,242.0,239.0,242.0,83,28815,6928840
243,244,2020-12-29,242.0,1.0,244.0,238.0,241.0,141,48060,11592900
244,245,2020-12-28,241.0,-1.0,241.0,238.0,242.0,125,49560,11874800
245,246,2020-12-27,242.0,-1.0,245.0,238.0,243.0,136,103091,24886300
246,247,2020-12-24,243.0,0.0,252.0,239.0,243.0,214,155619,37935900
247,248,2020-12-23,243.0,-2.0,254.0,241.0,245.0,172,74024,18177700
248,249,2020-12-22,245.0,5.0,255.0,240.0,240.0,283,94782,23220700
249,250,2020-12-21,240.0,4.0,244.0,228.0,236.0,257,91343,21531100
250,251,2020-12-20,236.0,-11.0,245.0,237.0,247.0,267,71173,17092800
251,252,2020-12-17,247.0,-6.0,255.0,246.0,253.0,228,150541,37838800
252,253,2020-12-16,253.0,2.0,258.0,246.0,251.0,240,86548,21861900
253,254,2020-12-15,251.0,0.0,263.0,249.0,251.0,221,90224,22718400
254,255,2020-12-14,251.0,5.0,252.0,244.0,246.0,254,112216,28014200
255,256,2020-12-13,246.0,9.0,246.0,235.0,237.0,246,76154,18387000
256,257,2020-12-10,237.0,-2.0,242.0,236.0,239.0,145,48765,11574700
257,258,2020-12-09,239.0,-3.0,245.0,238.0,242.0,186,76839,18383500
258,259,2020-12-08,242.0,-1.0,255.0,239.0,243.0,221,99727,24074900
259,260,2020-12-07,243.0,2.0,253.0,236.0,241.0,228,63831,15362100
260,261,2020-12-06,241.0,-7.0,249.0,240.0,248.0,285,93567,22867900
261,262,2020-12-03,248.0,-8.0,261.0,248.0,256.0,296,77763,19619200
262,263,2020-12-02,256.0,5.0,263.0,246.0,251.0,311,106903,27105900
263,264,2020-12-01,251.0,-7.0,270.0,250.0,258.0,359,94780,24007900
264,265,2020-11-30,258.0,-8.0,279.0,255.0,266.0,965,249506,66915900
265,266,2020-11-29,266.0,24.0,266.0,245.0,242.0,1149,429841,111701000
266,267,2020-11-26,242.0,3.0,248.0,239.0,239.0,506,180104,43717400
267,268,2020-11-25,239.0,6.0,239.0,233.0,233.0,293,122362,28954700
268,269,2020-11-24,233.0,-2.0,237.0,233.0,235.0,133,47019,11041500
269,270,2020-11-23,235.0,-2.0,240.0,233.0,237.0,182,65540,15406100
270,271,2020-11-22,237.0,2.0,242.0,233.0,235.0,271,100582,23975000
271,272,2020-11-19,235.0,0.0,238.0,233.0,235.0,186,98769,23200100
272,273,2020-11-18,235.0,-1.0,236.0,230.0,236.0,155,47736,11147900
273,274,2020-11-12,236.0,3.0,240.0,232.0,233.0,222,73272,17131600
274,275,2020-11-11,233.0,4.0,233.0,228.0,229.0,185,72369,16649100
275,276,2020-11-10,229.0,2.0,229.0,227.0,227.0,132,72344,16456200
276,277,2020-11-09,227.0,-1.0,229.0,226.0,228.0,139,61834,14064700
277,278,2020-11-08,228.0,-1.0,230.0,228.0,229.0,133,36961,8461990
278,279,2020-11-05,229.0,0.0,232.0,227.0,229.0,100,22867,5226300
279,280,2020-11-04,229.0,-3.0,231.0,229.0,232.0,103,32633,7502630
280,281,2020-11-03,232.0,1.0,232.0,230.0,231.0,115,31090,7172800
281,282,2020-11-02,231.0,-2.0,233.0,222.0,233.0,119,42643,9848220
282,283,2020-11-01,233.0,-3.0,236.0,232.0,236.0,137,47122,10980500
283,284,2020-10-29,236.0,-1.0,242.0,235.0,237.0,435,153256,36511800
284,285,2020-10-28,237.0,8.0,237.0,230.0,229.0,397,118471,27752700
285,286,2020-10-22,229.0,1.0,231.0,227.0,228.0,168,81367,18620200
286,287,2020-10-21,228.0,2.0,228.0,225.0,226.0,100,24986,5677730
287,288,2020-10-20,226.0,2.0,226.0,224.0,224.0,103,17424,3922700
288,289,2020-10-19,224.0,2.0,225.0,220.0,222.0,113,34195,7643640
289,290,2020-10-18,222.0,-2.0,224.0,220.0,224.0,103,16315,3621660
290,291,2020-10-15,224.0,0.0,227.0,222.0,224.0,156,31407,7018120
291,292,2020-10-14,224.0,-3.0,226.0,223.0,227.0,106,25561,5723360
292,293,2020-10-13,227.0,-2.0,240.0,226.0,229.0,116,21075,4798210
293,294,2020-10-12,229.0,2.0,230.0,225.0,227.0,135,25669,5829910
294,295,2020-10-11,227.0,-5.0,243.0,226.0,232.0,179,35775,8155260
295,296,2020-10-08,232.0,0.29,236.0,231.0,231.71,461,102338,23896900
296,297,2020-10-07,248.0,2.0,258.0,244.0,246.0,809,258346,63824200
297,298,2020-10-06,246.0,-1.0,250.0,244.0,247.0,217,78048,19154200
298,299,2020-10-05,247.0,-3.0,253.0,244.0,250.0,316,102036,25125300
299,300,2020-10-04,250.0,11.0,250.0,242.0,239.0,576,189003,46723300
300,301,2020-10-01,239.0,6.0,241.0,236.0,233.0,365,103835,24757800
301,302,2020-09-30,233.0,-1.0,236.0,233.0,234.0,107,36315,8495580
302,303,2020-09-29,234.0,-3.0,239.0,233.0,237.0,135,42022,9837990
303,304,2020-09-28,237.0,-1.0,242.0,235.0,238.0,147,48442,11514300
304,305,2020-09-27,238.0,4.0,242.0,233.0,234.0,227,105213,24993100
305,306,2020-09-24,234.0,0.0,235.0,232.0,234.0,132,31367,7321550
306,307,2020-09-23,234.0,0.0,236.0,232.0,234.0,120,20742,4849090
307,308,2020-09-22,234.0,-4.0,239.0,232.0,238.0,282,80788,19025200
308,309,2020-09-21,238.0,-1.0,243.0,235.0,239.0,327,100181,23894100
309,310,2020-09-20,239.0,5.0,255.0,237.0,234.0,546,169428,40811600
310,311,2020-09-17,234.0,7.0,238.0,227.0,227.0,267,111005,25833000
311,312,2020-09-16,227.0,-1.0,228.0,226.0,228.0,113,32603,7390220
312,313,2020-09-15,228.0,-2.0,234.0,228.0,230.0,193,78580,18138700
313,314,2020-09-14,230.0,7.0,231.0,225.0,223.0,243,106327,24296400
314,315,2020-09-13,223.0,0.0,224.0,221.0,223.0,206,115289,25630900
315,316,2020-09-10,223.0,0.0,230.0,221.0,223.0,171,35630,7935480
316,317,2020-09-09,223.0,-1.0,228.0,222.0,224.0,96,16558,3692760
317,318,2020-09-08,224.0,0.0,225.0,221.0,224.0,149,43667,9757030
318,319,2020-09-07,224.0,-5.0,229.0,224.0,229.0,144,49606,11226300
319,320,2020-09-06,229.0,-2.0,241.0,226.0,231.0,209,67027,15454600
320,321,2020-09-03,231.0,-1.0,235.0,230.0,232.0,136,57782,13403900
321,322,2020-09-02,232.0,4.0,234.0,229.0,228.0,160,38449,8890220
322,323,2020-08-31,228.0,-3.0,231.0,226.0,231.0,165,48894,11150500
323,324,2020-08-30,231.0,1.0,234.0,227.0,230.0,57,16012,3672060
324,325,2020-08-27,230.0,0.0,234.0,229.0,230.0,111,69577,16020500
325,326,2020-08-26,230.0,3.0,234.0,226.0,227.0,183,60556,13911000
326,327,2020-08-25,227.0,0.0,230.0,225.0,227.0,100,18636,4227350
327,328,2020-08-24,227.0,6.0,228.0,224.0,221.0,101,27039,6087480
328,329,2020-08-23,221.0,-2.0,226.0,221.0,223.0,86,26730,5957490
329,330,2020-08-20,223.0,-1.0,226.0,220.0,224.0,80,24900,5516580
330,331,2020-08-19,224.0,0.0,227.0,220.0,224.0,69,14709,3269210
331,332,2020-08-18,224.0,-3.0,229.0,223.0,227.0,84,25911,5822660
332,333,2020-08-17,227.0,5.0,227.0,223.0,222.0,63,27118,6099000
333,334,2020-08-16,222.0,-5.0,226.0,220.0,227.0,121,29163,6502070
334,335,2020-08-13,227.0,-6.0,230.0,226.0,233.0,102,21299,4849610
335,336,2020-08-12,233.0,0.0,234.0,230.0,233.0,48,8085,1871950
336,337,2020-08-11,233.0,-2.0,237.0,230.0,235.0,61,15269,3556540
337,338,2020-08-10,235.0,7.0,240.0,228.0,228.0,117,31598,7349640
338,339,2020-08-09,228.0,0.0,229.0,222.0,228.0,70,14383,3246460
339,340,2020-08-06,228.0,0.0,228.0,223.0,228.0,60,23535,5329740
340,341,2020-08-05,228.0,0.0,228.0,223.0,228.0,91,27253,6139700
341,342,2020-08-03,228.0,1.0,234.0,219.0,227.0,107,49139,11138000
342,343,2020-08-02,227.0,-7.0,232.0,226.0,234.0,190,54673,12464200
343,344,2020-07-30,234.0,0.0,238.0,229.0,234.0,113,42226,9820920
344,345,2020-07-29,234.0,-5.0,239.0,233.0,239.0,127,37958,8933230
345,346,2020-07-28,239.0,-2.0,241.0,237.0,241.0,71,20244,4848500
346,347,2020-07-27,241.0,-4.0,249.0,239.0,245.0,132,41563,10063200
347,348,2020-07-26,245.0,4.0,245.0,238.0,241.0,111,32942,7967540
348,349,2020-07-23,241.0,2.0,241.0,234.0,239.0,110,22804,5416080
349,350,2020-07-22,239.0,-9.0,250.0,236.0,248.0,161,41662,10016100
350,351,2020-07-21,248.0,-1.0,252.0,244.0,249.0,251,83098,20663200
351,352,2020-07-20,249.0,4.0,269.0,243.0,245.0,440,114390,28985700
352,353,2020-07-19,245.0,15.0,245.0,241.0,230.0,2,40,9680
353,354,2020-07-16,230.0,10.0,231.0,219.0,220.0,146,53236,12127400
354,355,2020-07-15,220.0,3.0,222.0,217.0,217.0,87,23399,5134590
355,356,2020-07-14,217.0,0.0,220.0,215.0,217.0,53,15401,3335470
356,357,2020-07-13,217.0,2.0,219.0,214.0,215.0,52,8823,1898660
357,358,2020-07-12,215.0,-5.0,221.0,215.0,220.0,68,17950,3930620
358,359,2020-07-09,220.0,3.0,220.0,213.0,217.0,78,22040,4742120
359,360,2020-07-08,217.0,-7.0,225.0,216.0,224.0,65,15109,3312080
360,361,2020-07-07,224.0,3.0,228.0,218.0,221.0,86,34825,7854460
361,362,2020-07-06,221.0,9.0,221.0,210.0,212.0,65,39664,8551340
362,363,2020-07-05,212.0,0.0,216.0,209.0,212.0,65,19467,4125040
363,364,2020-07-02,212.0,-18.0,234.0,212.0,230.0,26,5419,1192030
364,365,2020-07-01,230.0,10.0,232.0,224.0,220.0,17,2693,618321
365,366,2020-06-30,220.0,11.0,220.0,212.0,209.0,17,4574,979958
366,367,2020-06-29,209.0,-6.0,211.0,199.0,215.0,50,13562,2779050
367,368,2020-03-22,215.0,-4.0,223.0,215.0,219.0,23,6232,1347140
368,369,2020-03-19,219.0,2.0,222.0,210.0,217.0,194,72833,15784700
369,370,2020-03-18,217.0,-1.0,227.0,213.0,218.0,158,44816,9697360
370,371,2020-03-17,218.0,-6.0,224.0,217.0,224.0,193,53751,11802900
371,372,2020-03-16,224.0,2.0,228.0,220.0,222.0,178,72127,16167800
372,373,2020-03-15,222.0,-13.0,239.0,220.0,235.0,284,88228,19913600
373,374,2020-03-12,235.0,-8.0,242.0,230.0,243.0,226,96350,22563500
374,375,2020-03-11,243.0,16.0,243.0,227.0,227.0,163,62821,14818000
375,376,2020-03-10,227.0,-18.0,242.0,227.0,245.0,140,52179,12139600
376,377,2020-03-05,245.0,-4.0,255.0,245.0,249.0,182,74262,18386600
377,378,2020-03-04,249.0,-9.0,259.0,248.0,258.0,240,101002,25380200
378,379,2020-03-03,258.0,8.0,266.0,242.0,250.0,340,157937,40262900
379,380,2020-03-02,250.0,-25.0,280.0,250.0,275.0,273,111693,29101900
380,381,2020-03-01,275.0,-8.0,295.0,274.0,283.0,489,172530,48719300
381,382,2020-02-27,283.0,11.0,290.0,260.0,272.0,391,134695,37429000
382,383,2020-02-26,272.0,13.0,272.0,259.0,259.0,313,117190,31356300
383,384,2020-02-25,259.0,5.0,261.0,250.0,254.0,173,57874,14900800
384,385,2020-02-24,254.0,-7.0,268.0,253.0,261.0,444,187340,49050700
385,386,2020-02-23,261.0,21.0,264.0,243.0,240.0,345,116444,29473100
386,387,2020-02-20,240.0,0.0,244.0,237.0,240.0,185,50511,12050100
387,388,2020-02-19,240.0,-1.0,245.0,239.0,241.0,80,39871,9612060
388,389,2020-02-18,241.0,0.0,253.0,238.0,241.0,291,87766,21358600
389,390,2020-02-17,241.0,6.0,241.0,234.0,235.0,147,55401,13229500
390,391,2020-02-16,235.0,4.0,235.0,230.0,231.0,103,30616,7077470
391,392,2020-02-13,231.0,-3.0,235.0,231.0,234.0,71,23651,5489900
392,393,2020-02-12,234.0,-1.0,238.0,232.0,235.0,75,22341,5228970
393,394,2020-02-11,235.0,3.0,237.0,233.0,232.0,64,60346,14144000
394,395,2020-02-10,232.0,2.0,233.0,228.0,230.0,64,23927,5538470
395,396,2020-02-09,230.0,-3.0,234.0,229.0,233.0,46,10413,2412130
396,397,2020-02-06,233.0,-3.0,236.0,233.0,236.0,60,16068,3769730
397,398,2020-02-05,236.0,-1.0,237.0,234.0,237.0,43,12896,3044740
398,399,2020-02-04,237.0,-3.0,240.0,237.0,240.0,103,34598,8239910
399,400,2020-02-03,240.0,0.0,244.0,239.0,240.0,139,81549,19620700
400,401,2020-02-02,240.0,5.0,241.0,238.0,235.0,152,52734,12617100
401,402,2020-01-30,235.0,5.0,240.0,229.0,230.0,96,39437,9238850
402,403,2020-01-29,230.0,-3.0,235.0,229.0,233.0,77,22599,5229130
403,404,2020-01-28,233.0,-1.0,235.0,233.0,234.0,55,28362,6652400
404,405,2020-01-27,234.0,5.0,234.0,230.0,229.0,59,15617,3626710
405,406,2020-01-26,229.0,-3.0,234.0,229.0,232.0,76,23299,5361470
406,407,2020-01-23,232.0,-4.0,235.0,231.0,236.0,97,42623,9939490
407,408,2020-01-22,236.0,-1.0,241.0,236.0,237.0,58,19067,4539770
408,409,2020-01-21,237.0,-2.0,243.0,235.0,239.0,139,47498,11286700
409,410,2020-01-20,239.0,-7.0,248.0,237.0,246.0,205,64413,15527100
410,411,2020-01-19,246.0,1.0,250.0,238.0,245.0,231,84862,20933700
411,412,2020-01-16,245.0,9.0,248.0,237.0,236.0,204,106396,25788900
412,413,2020-01-15,236.0,7.0,238.0,229.0,229.0,109,60535,14143900
413,414,2020-01-14,229.0,-4.0,235.0,229.0,233.0,125,53476,12329500
414,415,2020-01-13,233.0,3.0,236.0,230.0,230.0,245,121792,28331500
415,416,2020-01-12,230.0,5.0,230.0,225.0,225.0,172,88900,20249900
416,417,2020-01-09,225.0,0.0,227.0,222.0,225.0,73,27174,6116780
417,418,2020-01-08,225.0,-5.0,232.0,223.0,230.0,241,104223,23624800
418,419,2020-01-07,230.0,10.0,231.0,220.0,220.0,476,878390,194913000
419,420,2020-01-06,220.0,0.0,226.0,220.0,220.0,87,135864,29991300
420,421,2020-01-05,220.0,3.0,224.0,217.0,217.0,65,50620,11140500
421,422,2020-01-02,217.0,0.0,219.0,217.0,217.0,34,9426,2049540
422,423,2020-01-01,217.0,1.0,220.0,216.0,216.0,27,5987,1304580
423,424,2019-12-31,216.0,1.0,219.0,214.0,215.0,49,22126,4764900
424,425,2019-12-30,215.0,-1.0,217.0,214.0,216.0,49,20996,4513570
425,426,2019-12-29,216.0,-2.0,219.0,216.0,218.0,27,3693,801172
426,427,2019-12-26,218.0,0.0,218.0,216.0,218.0,33,43034,9338550
427,428,2019-12-25,218.0,0.0,220.0,217.0,218.0,99,158618,34427700
428,429,2019-12-24,218.0,-1.0,221.0,218.0,219.0,43,25275,5541970
429,430,2019-12-23,219.0,1.0,220.0,216.0,218.0,34,7851,1716870
430,431,2019-12-22,218.0,1.0,219.0,217.0,217.0,13,2890,630198
431,432,2019-12-19,217.0,-1.0,218.0,216.0,218.0,24,5684,1232600
432,433,2019-12-18,218.0,-2.0,221.0,218.0,220.0,22,3062,668872
433,434,2019-12-17,220.0,-2.0,221.0,219.0,222.0,27,5658,1244760
434,435,2019-12-16,222.0,-2.0,225.0,221.0,224.0,29,6697,1484830
435,436,2019-12-15,224.0,1.0,228.0,221.0,223.0,61,19738,4430200
436,437,2019-12-12,223.0,3.0,223.0,221.0,220.0,48,10769,2391840
437,438,2019-12-11,220.0,-4.0,225.0,219.0,224.0,81,32098,7090940
438,439,2019-12-10,224.0,4.0,228.0,217.0,220.0,123,346840,75332400
439,440,2019-12-09,220.0,3.0,223.0,216.0,217.0,42,12372,2707740
440,441,2019-12-08,217.0,0.0,218.0,217.0,217.0,30,5078,1102280
441,442,2019-12-05,217.0,0.0,219.0,216.0,217.0,43,8249,1796500
442,443,2019-12-04,217.0,2.0,217.0,214.0,215.0,19,5133,1105160
443,444,2019-12-03,215.0,1.0,215.0,214.0,214.0,19,5175,1109700
444,445,2019-12-02,214.0,1.0,215.0,214.0,213.0,19,4511,966023
445,446,2019-12-01,213.0,-1.0,214.0,212.0,214.0,22,5781,1227920
446,447,2019-11-28,214.0,-1.0,217.0,214.0,215.0,27,7566,1625490
447,448,2019-11-27,215.0,1.0,216.0,213.0,214.0,36,8616,1848760
448,449,2019-11-26,214.0,-1.0,216.0,214.0,215.0,39,9199,1976650
449,450,2019-11-25,215.0,-1.0,219.0,214.0,216.0,28,8274,1785750
450,451,2019-11-24,216.0,-2.0,218.0,215.0,218.0,31,10992,2366600
451,452,2019-11-21,218.0,-3.0,222.0,218.0,221.0,36,8524,1869900
452,453,2019-11-20,221.0,-2.0,226.0,221.0,223.0,39,11682,2600530
453,454,2019-11-19,223.0,0.0,223.0,220.0,223.0,13,2035,452312
454,455,2019-11-18,223.0,-1.0,224.0,222.0,224.0,27,13724,3051890
455,456,2019-11-17,224.0,0.0,225.0,222.0,224.0,33,9354,2089400
456,457,2019-11-14,224.0,-1.0,225.0,223.0,225.0,38,11285,2527300
457,458,2019-11-13,225.0,-3.0,227.0,224.0,228.0,45,94439,21247000
458,459,2019-11-12,228.0,-5.0,234.0,224.0,233.0,30,9322,2129220
459,460,2019-11-11,233.0,9.0,234.0,224.0,224.0,44,159553,35938300
460,461,2019-11-10,224.0,-1.0,226.0,224.0,225.0,52,50427,11355100
461,462,2019-11-07,225.0,0.0,226.0,224.0,225.0,40,9836,2213440
462,463,2019-11-06,225.0,-4.0,229.0,225.0,229.0,86,22084,4987130
463,464,2019-11-05,229.0,1.0,231.0,226.0,228.0,21,4258,971356
464,465,2019-11-04,228.0,1.0,229.0,225.0,227.0,22,4343,985965
465,466,2019-11-03,227.0,-6.0,232.0,226.0,233.0,36,9169,2079730
466,467,2019-10-31,233.0,3.0,233.0,230.0,230.0,40,9345,2166050
467,468,2019-10-24,230.0,4.0,230.0,222.0,226.0,57,318392,71103600
468,469,2019-10-23,226.0,0.0,226.0,224.0,226.0,18,4014,904655
469,470,2019-10-22,226.0,2.0,226.0,222.0,224.0,28,7306,1632710
470,471,2019-10-21,224.0,2.0,225.0,221.0,222.0,26,9736,2162500
471,472,2019-10-20,222.0,-2.0,224.0,222.0,224.0,26,6654,1481350
472,473,2019-10-17,224.0,0.0,225.0,223.0,224.0,34,8416,1885500
473,474,2019-10-16,224.0,1.0,224.0,222.0,223.0,18,8967,2000330
474,475,2019-10-15,223.0,2.0,225.0,222.0,221.0,35,14582,3250560
475,476,2019-10-14,221.0,-2.0,223.0,217.0,223.0,33,17747,3924970
476,477,2019-10-10,223.0,-1.0,225.0,222.0,224.0,10,5703,1272610
477,478,2019-10-03,224.0,0.0,227.0,224.0,224.0,26,6143,1381720
478,479,2019-10-02,224.0,-1.0,225.0,224.0,225.0,9,2204,493746
479,480,2019-10-01,225.0,5.0,225.0,220.0,220.0,33,7424,1651050
480,481,2019-09-30,220.0,2.0,221.0,218.0,218.0,30,8427,1852920
481,482,2019-09-29,218.0,-13.43,227.0,218.0,231.43,47,9431,2068890
482,483,2019-09-26,243.0,-2.0,246.0,242.0,245.0,236,79749,19462000
483,484,2019-09-25,245.0,-1.0,248.0,245.0,246.0,56,12348,3031560
484,485,2019-09-24,246.0,-2.0,249.0,246.0,248.0,43,15697,3876330
485,486,2019-09-23,248.0,-1.0,256.0,247.0,249.0,54,19765,4900010
486,487,2019-09-22,249.0,0.0,251.0,247.0,249.0,45,8778,2183790
487,488,2019-09-19,249.0,-3.0,254.0,249.0,252.0,46,11610,2907520
488,489,2019-09-18,252.0,1.0,255.0,250.0,251.0,43,7967,2009960
489,490,2019-09-17,251.0,6.0,252.0,249.0,245.0,53,10694,2678920
490,491,2019-09-16,245.0,-3.0,248.0,242.0,248.0,72,18061,4415820
491,492,2019-09-15,248.0,-6.0,255.0,246.0,254.0,58,18710,4658040
492,493,2019-09-12,254.0,3.0,255.0,251.0,251.0,104,16686,4221620
493,494,2019-09-11,251.0,0.0,253.0,251.0,251.0,23,8980,2261120
494,495,2019-09-10,251.0,1.0,253.0,247.0,250.0,26,14809,3706610
495,496,2019-09-09,250.0,-3.0,255.0,249.0,253.0,55,20447,5134050
496,497,2019-09-08,253.0,-3.0,256.0,250.0,256.0,67,24832,6272600
497,498,2019-09-05,256.0,-2.0,259.0,254.0,258.0,55,12598,3228560
498,499,2019-09-04,258.0,4.0,259.0,250.0,254.0,82,363623,93041800
499,500,2019-09-03,254.0,9.0,254.0,243.0,245.0,71,21352,5274380
500,501,2019-09-02,245.0,-4.0,249.0,244.0,249.0,86,19989,4923100
501,502,2019-09-01,249.0,-6.0,259.0,248.0,255.0,72,14914,3733570
502,503,2019-08-29,255.0,2.0,255.0,247.0,253.0,110,40974,10313200
503,504,2019-08-28,253.0,-2.0,256.0,252.0,255.0,39,12203,3097400
504,505,2019-08-27,255.0,1.0,259.0,254.0,254.0,62,21428,5478700
505,506,2019-08-26,254.0,-1.0,257.0,251.0,255.0,75,30391,7662030
506,507,2019-08-25,255.0,-2.0,257.0,252.0,257.0,29,13021,3294330
507,508,2019-08-22,257.0,3.0,259.0,255.0,254.0,38,12037,3084260
508,509,2019-08-21,254.0,0.0,259.0,252.0,254.0,57,112181,28584000
509,510,2019-08-20,254.0,-3.0,261.0,252.0,257.0,42,13149,3336560
510,511,2019-08-19,257.0,2.0,260.0,251.0,255.0,66,20891,5343510
511,512,2019-08-18,255.0,0.0,261.0,251.0,255.0,92,35557,8991130
512,513,2019-08-15,255.0,0.0,263.0,255.0,255.0,40,210893,53786300
513,514,2019-08-14,255.0,-4.0,260.0,255.0,259.0,61,19620,5019380
514,515,2019-08-13,259.0,-2.0,264.0,255.0,261.0,148,507707,129671000
515,516,2019-08-12,261.0,4.0,265.0,256.0,257.0,30,6046,1567910
516,517,2019-08-11,257.0,-3.0,260.0,257.0,260.0,37,11954,3082490
517,518,2019-08-08,260.0,0.0,262.0,257.0,260.0,46,9952,2578670
518,519,2019-08-07,260.0,-1.0,263.0,260.0,261.0,20,10318,2690830
519,520,2019-08-06,261.0,-1.0,262.0,259.0,262.0,39,19891,5187530
520,521,2019-08-05,262.0,-1.0,263.0,261.0,263.0,34,11182,2928180
521,522,2019-08-04,263.0,1.0,266.0,262.0,262.0,47,24420,6408970
522,523,2019-08-01,262.0,-2.0,264.0,262.0,264.0,35,11781,3098360
523,524,2019-07-31,264.0,-3.0,269.0,264.0,267.0,26,10640,2840560
524,525,2019-07-30,267.0,-1.0,267.0,264.0,268.0,22,7003,1856760
525,526,2019-07-29,268.0,3.0,268.0,267.0,265.0,25,6009,1605920
526,527,2019-07-28,265.0,-7.0,268.0,262.0,272.0,44,10318,2728420
527,528,2019-07-25,272.0,-4.0,278.0,267.0,276.0,82,27107,7391200
528,529,2019-07-24,276.0,3.0,276.0,272.0,273.0,58,15613,4273600
529,530,2019-07-23,273.0,2.0,274.0,272.0,271.0,46,15281,4169710
530,531,2019-07-22,271.0,-1.0,274.0,271.0,272.0,43,9191,2499970
531,532,2019-07-21,272.0,1.0,276.0,269.0,271.0,69,17229,4681390
532,533,2019-07-18,271.0,4.0,277.0,270.0,267.0,50,16413,4466310
533,534,2019-07-17,267.0,3.0,269.0,265.0,264.0,18,19297,5124080
534,535,2019-07-16,264.0,2.0,265.0,262.0,262.0,28,11360,2987440
535,536,2019-07-15,262.0,3.0,265.0,259.0,259.0,24,26757,7033570
536,537,2019-07-14,259.0,-1.0,262.0,258.0,260.0,25,4854,1262330
537,538,2019-07-11,260.0,-4.0,264.0,260.0,264.0,83,26211,6854130
538,539,2019-07-10,264.0,4.0,264.0,257.0,260.0,45,28508,7465400
539,540,2019-07-09,260.0,3.0,264.0,255.0,257.0,54,23068,5967810
540,541,2019-07-08,257.0,-6.0,264.0,256.0,263.0,95,27724,7187840
541,542,2019-07-07,263.0,-2.0,265.0,262.0,265.0,46,18195,4793980
542,543,2019-07-04,265.0,-2.0,267.0,264.0,267.0,27,7644,2027720
543,544,2019-07-03,267.0,1.0,269.0,265.0,266.0,65,28744,7664300
544,545,2019-07-02,266.0,4.0,266.0,260.0,262.0,48,17705,4651920
545,546,2019-07-01,262.0,-2.0,264.0,261.0,264.0,39,11399,2987830
546,547,2019-06-30,264.0,-2.0,266.0,263.0,266.0,36,6332,1672900
547,548,2019-06-27,266.0,2.0,267.0,265.0,264.0,34,10486,2784480
548,549,2019-06-26,264.0,-1.0,267.0,264.0,265.0,38,14196,3763400
549,550,2019-06-25,265.0,-1.0,268.0,265.0,266.0,26,5280,1403650
550,551,2019-06-24,266.0,2.0,268.0,262.0,264.0,41,22270,5854800
551,552,2019-06-23,264.0,-1.0,266.0,262.0,265.0,62,16606,4384280
552,553,2019-06-20,265.0,-1.0,267.0,264.0,266.0,73,28614,7601600
553,554,2019-06-19,266.0,1.0,267.0,264.0,265.0,21,5915,1570200
554,555,2019-06-18,265.0,-1.0,269.0,265.0,266.0,40,15473,4125830
555,556,2019-06-17,266.0,-1.0,270.0,264.0,267.0,46,25742,6824610
556,557,2019-06-16,267.0,0.0,269.0,266.0,267.0,23,5247,1399490
557,558,2019-06-13,267.0,-1.0,270.0,267.0,268.0,60,26856,7213020
558,559,2019-06-12,268.0,0.0,269.0,266.0,268.0,65,18831,5033010
559,560,2019-06-11,268.0,-1.0,270.0,268.0,269.0,29,5591,1502830
560,561,2019-06-10,269.0,3.0,269.0,266.0,266.0,88,29634,7919550
561,562,2019-06-06,266.0,-1.0,268.0,265.0,267.0,54,22386,5969980
562,563,2019-06-04,267.0,2.0,270.0,265.0,265.0,50,14376,3844160
563,564,2019-06-03,265.0,-6.0,272.0,265.0,271.0,67,28098,7535490
564,565,2019-06-02,271.0,-7.0,274.0,271.0,278.0,49,13039,3552080
565,566,2019-05-30,278.0,5.0,295.0,274.0,273.0,183,77806,21976900
566,567,2019-05-29,273.0,3.0,275.0,270.0,270.0,142,29579,8109190
567,568,2019-05-28,270.0,1.0,271.0,269.0,269.0,41,17564,4737570
568,569,2019-05-27,269.0,1.0,271.0,266.0,268.0,34,10004,2691040
569,570,2019-05-26,268.0,-2.0,270.0,267.0,270.0,74,24871,6679620
570,571,2019-05-23,270.0,-2.0,274.0,269.0,272.0,55,18815,5109820
571,572,2019-05-22,272.0,2.0,274.0,270.0,270.0,67,22596,6168420
572,573,2019-05-21,270.0,0.0,272.0,267.0,270.0,55,24437,6620000
573,574,2019-05-20,270.0,0.0,273.0,270.0,270.0,80,29364,7978340
574,575,2019-05-19,270.0,-1.0,272.0,268.0,271.0,42,11519,3113160
575,576,2019-05-16,271.0,-2.0,274.0,270.0,273.0,104,34371,9348880
576,577,2019-05-15,273.0,1.0,276.0,271.0,272.0,122,41612,11370100
577,578,2019-05-14,272.0,7.0,272.0,269.0,265.0,104,43223,11702100
578,579,2019-05-13,265.0,-1.0,269.0,265.0,266.0,53,24772,6621380
579,580,2019-05-12,266.0,0.0,268.0,263.0,266.0,57,19753,5256560
580,581,2019-05-09,266.0,-2.0,268.0,263.0,268.0,60,20098,5354580
581,582,2019-05-08,268.0,0.0,271.0,266.0,268.0,39,10256,2760790
582,583,2019-05-07,268.0,-2.0,274.0,267.0,270.0,82,29459,7977590
583,584,2019-05-06,270.0,8.0,270.0,261.0,262.0,123,47125,12528400
584,585,2019-05-05,262.0,-2.0,266.0,260.0,264.0,85,32112,8434920
585,586,2019-05-02,264.0,0.0,270.0,260.0,264.0,109,34428,9109890
586,587,2019-04-30,264.0,-2.0,269.0,261.0,266.0,124,49038,12984000
587,588,2019-04-29,266.0,-1.0,272.0,260.0,267.0,152,60781,16080800
588,589,2019-04-28,267.0,-5.0,282.0,267.0,272.0,155,51181,13913000
589,590,2019-04-25,272.0,0.0,280.0,269.0,272.0,182,65445,17989200
590,591,2019-04-24,272.0,6.0,274.0,265.0,266.0,119,38099,10302600
591,592,2019-04-23,266.0,2.0,274.0,262.0,264.0,141,44776,11911300
592,593,2019-04-22,264.0,-6.0,275.0,260.0,270.0,234,78158,21004500
593,594,2019-04-21,270.0,8.0,270.0,260.0,262.0,303,116986,31098500
594,595,2019-04-18,262.0,3.0,264.0,258.0,259.0,271,74156,19308600
595,596,2019-04-17,259.0,8.0,265.0,251.0,251.0,295,118778,30629700
596,597,2019-04-16,251.0,11.0,252.0,242.0,240.0,161,57022,14099700
597,598,2019-04-15,240.0,1.0,241.0,238.0,239.0,63,15901,3803180
598,599,2019-04-11,239.0,0.0,240.0,238.0,239.0,84,30651,7307250
599,600,2019-04-10,239.0,0.0,240.0,235.0,239.0,92,39712,9428900
600,601,2019-04-09,239.0,-3.0,243.0,237.0,242.0,149,73066,17516800
601,602,2019-04-08,242.0,3.0,244.0,234.0,239.0,237,126229,30389400
602,603,2019-04-07,239.0,9.0,239.0,228.0,230.0,97,46794,10952400
603,604,2019-04-04,230.0,-1.0,234.0,228.0,231.0,195,64822,14990400
604,605,2019-04-03,231.0,0.0,236.0,228.0,231.0,132,68417,15893300
605,606,2019-04-02,231.0,3.0,233.0,228.0,228.0,168,58249,13450200
606,607,2019-04-01,228.0,7.0,228.0,222.0,221.0,103,40623,9141460
607,608,2019-03-31,221.0,0.0,223.0,221.0,221.0,47,13293,2952910
608,609,2019-03-28,221.0,-2.0,223.0,220.0,223.0,40,6069,1344070
609,610,2019-03-27,223.0,3.0,223.0,219.0,220.0,50,18330,4034310
610,611,2019-03-26,220.0,2.0,221.0,217.0,218.0,39,11796,2576630
611,612,2019-03-25,218.0,0.0,220.0,217.0,218.0,41,13263,2892540
612,613,2019-03-24,218.0,0.0,218.0,214.0,218.0,34,9989,2151760
613,614,2019-03-21,218.0,0.0,221.0,215.0,218.0,44,18287,3953890
614,615,2019-03-19,218.0,-1.0,222.0,218.0,219.0,30,6754,1476680
615,616,2019-03-18,219.0,-3.0,224.0,218.0,222.0,56,14011,3086930
616,617,2019-03-17,222.0,1.0,225.0,222.0,221.0,50,12965,2890160
617,618,2019-03-14,221.0,2.0,224.0,217.0,219.0,70,28648,6322200
618,619,2019-03-13,219.0,-1.0,224.0,218.0,220.0,175,70740,15591700
619,620,2019-03-12,220.0,3.0,222.0,213.0,217.0,186,143787,31557200
620,621,2019-03-11,217.0,3.0,218.0,212.0,214.0,89,27253,5894320
621,622,2019-03-10,214.0,2.0,218.0,211.0,212.0,21,6944,1486250
622,623,2019-03-07,212.0,2.0,215.0,209.0,210.0,66,21368,4528360
623,624,2019-03-06,210.0,2.0,210.0,206.0,208.0,32,6542,1365660
624,625,2019-03-05,208.0,-1.0,209.0,205.0,209.0,39,9288,1922790
625,626,2019-03-03,209.0,3.0,209.0,206.0,206.0,28,6339,1314410
626,627,2019-02-27,206.0,1.0,209.0,205.0,205.0,43,25977,5360740
627,628,2019-02-26,205.0,-2.0,207.0,205.0,207.0,40,20920,4305640
628,629,2019-02-25,207.0,0.0,207.0,206.0,207.0,28,9659,1990900
629,630,2019-02-24,207.0,-2.0,209.0,206.0,209.0,23,5988,1242080
630,631,2019-02-21,209.0,2.0,209.0,207.0,207.0,29,8751,1817220
631,632,2019-02-20,207.0,-2.0,209.0,207.0,209.0,27,7098,1471880
632,633,2019-02-19,209.0,3.0,209.0,206.0,206.0,22,6728,1399110
633,634,2019-02-18,206.0,-3.0,209.0,205.0,209.0,74,33971,6988240
634,635,2019-02-17,209.0,3.0,210.0,206.0,206.0,28,10200,2126700
635,636,2019-02-14,206.0,-1.0,209.0,206.0,207.0,42,11737,2436440
636,637,2019-02-13,207.0,-2.0,210.0,207.0,209.0,63,28984,6036030
637,638,2019-02-12,209.0,1.0,210.0,208.0,208.0,41,32825,6838660
638,639,2019-02-11,208.0,-1.0,209.0,206.0,209.0,29,10658,2220030
639,640,2019-02-10,209.0,2.0,209.0,206.0,207.0,82,67705,14022200
640,641,2019-02-07,207.0,-1.0,212.0,207.0,208.0,43,13083,2729980
641,642,2019-02-06,208.0,-2.0,212.0,208.0,210.0,24,11120,2321550
642,643,2019-02-05,210.0,2.0,211.0,208.0,208.0,36,28139,5907880
643,644,2019-02-04,208.0,-1.0,210.0,208.0,209.0,69,23990,5006940
644,645,2019-02-03,209.0,-1.0,212.0,209.0,210.0,42,11601,2436940
645,646,2019-01-31,210.0,0.0,212.0,210.0,210.0,41,30074,6318820
646,647,2019-01-30,210.0,0.0,210.0,209.0,210.0,22,5475,1146960
647,648,2019-01-29,210.0,1.0,210.0,209.0,209.0,51,15767,3308560
648,649,2019-01-28,209.0,0.0,212.0,208.0,209.0,40,15104,3171020
649,650,2019-01-27,209.0,-2.0,211.0,208.0,211.0,58,23485,4916880
650,651,2019-01-24,211.0,1.0,212.0,210.0,210.0,72,30137,6361930
651,652,2019-01-23,210.0,0.0,212.0,209.0,210.0,76,71827,15092900
652,653,2019-01-22,210.0,0.0,212.0,209.0,210.0,75,78877,16570700
653,654,2019-01-21,210.0,0.0,210.0,208.0,210.0,44,11347,2374370
654,655,2019-01-20,210.0,1.0,213.0,209.0,209.0,64,26311,5548140
655,656,2019-01-17,209.0,1.0,211.0,207.0,208.0,38,83362,17290700
656,657,2019-01-16,208.0,-5.0,213.0,207.0,213.0,33,217724,25752800
657,658,2019-01-15,213.0,7.0,213.0,206.0,206.0,30,9353,1964020
658,659,2019-01-14,206.0,-1.0,210.0,206.0,207.0,29,12561,2594440
659,660,2019-01-13,207.0,-1.0,210.0,206.0,208.0,37,17723,3667520
660,661,2019-01-10,208.0,1.0,210.0,207.0,207.0,32,8116,1687550
661,662,2019-01-09,207.0,-1.0,210.0,206.0,208.0,51,27606,5742070
662,663,2019-01-08,208.0,-2.0,210.0,207.0,210.0,24,6910,1435840
663,664,2019-01-07,210.0,4.0,210.0,206.0,206.0,38,16253,3381090
664,665,2019-01-06,206.0,-1.0,207.0,203.0,207.0,35,11362,2335690
665,666,2019-01-03,207.0,1.0,208.0,204.0,206.0,24,4575,944997
666,667,2019-01-02,206.0,-1.0,208.0,205.0,207.0,37,14330,2947020
667,668,2019-01-01,207.0,1.0,208.0,205.0,206.0,23,5849,1207320
668,669,2018-12-31,206.0,-3.0,209.0,206.0,209.0,37,15957,3305990
669,670,2018-12-30,209.0,-3.0,213.0,209.0,212.0,35,13758,2891430
670,671,2018-12-27,212.0,-3.0,217.0,211.0,215.0,51,15876,3402310
671,672,2018-12-26,215.0,5.0,216.0,210.0,210.0,65,23251,4979680
672,673,2018-12-25,210.0,-1.0,211.0,209.0,211.0,37,12556,2636490
673,674,2018-12-24,211.0,-3.0,215.0,211.0,214.0,46,14519,3083400
674,675,2018-12-23,214.0,-2.0,220.0,212.0,216.0,98,36211,7769730
675,676,2018-12-20,216.0,4.0,220.0,212.0,212.0,76,34955,7642430
676,677,2018-12-19,212.0,-2.0,215.0,212.0,214.0,28,10556,2251370
677,678,2018-12-18,214.0,-4.0,219.0,213.0,218.0,60,21827,4683200
678,679,2018-12-17,218.0,2.0,220.0,215.0,216.0,45,32553,7063790
679,680,2018-12-16,216.0,3.0,217.0,213.0,213.0,55,19736,4241500
680,681,2018-12-12,210.0,2.0,210.0,208.0,208.0,24,12604,2629940
681,682,2018-12-11,208.0,-3.0,213.0,208.0,211.0,30,9989,2098800
682,683,2018-12-10,211.0,1.0,213.0,209.0,210.0,41,14827,3126850
683,684,2018-12-09,210.0,6.0,210.0,204.0,204.0,32,12484,2591010
684,685,2018-12-06,204.0,-2.0,210.0,204.0,206.0,79,32079,6589140
685,686,2018-12-05,206.0,-2.0,208.0,204.0,208.0,31,7376,1513610
686,687,2018-12-04,208.0,2.0,209.0,205.0,206.0,40,11868,2455370
687,688,2018-12-03,206.0,0.0,210.0,202.0,206.0,66,28033,5804180
688,689,2018-12-02,206.0,0.0,207.0,204.0,206.0,62,23701,4866470
689,690,2018-11-28,209.0,0.0,210.0,205.0,209.0,45,14571,3037840
690,691,2018-11-27,209.0,1.98,210.0,207.0,207.02,33,10621,2222010
691,692,2018-11-25,210.0,-5.0,215.0,207.0,215.0,97,33865,7108400
692,693,2018-11-22,215.0,-3.0,220.0,215.0,218.0,23,8331,1820690
693,694,2018-11-20,217.0,-3.0,220.0,217.0,220.0,16,3562,775506
694,695,2018-11-19,220.0,-1.0,221.0,217.0,221.0,31,9226,2013790
695,696,2018-11-18,221.0,1.0,223.0,219.0,220.0,33,13474,1903910
696,697,2018-11-15,220.0,-1.0,223.0,220.0,221.0,60,30699,6809240
697,698,2018-11-14,221.0,1.0,222.0,219.0,220.0,22,7461,1652870
698,699,2018-11-13,220.0,3.0,222.0,217.0,217.0,33,19429,4272670
699,700,2018-11-12,217.0,-4.0,222.0,215.0,221.0,29,9323,2027080
700,701,2018-11-11,221.0,1.0,222.0,220.0,221.0,26,10571,2338520
701,702,2018-11-06,221.0,0.0,221.0,217.0,221.0,6,545,120375
702,703,2018-11-05,221.0,4.0,221.0,218.0,217.0,44,12342,2713210
703,704,2018-11-04,217.0,-3.0,220.0,216.0,220.0,20,5181,1128490
704,705,2018-11-01,220.0,2.0,223.0,219.0,218.0,111,46899,10363800
705,706,2018-10-31,218.0,-2.0,220.0,218.0,220.0,43,7290,1595150
706,707,2018-10-30,220.0,1.0,221.0,217.0,219.0,76,18314,4023190
707,708,2018-10-29,219.0,1.0,220.0,216.0,218.0,44,13458,2935800
708,709,2018-10-28,218.0,-3.0,220.0,217.0,221.0,83,26532,5787980
709,710,2018-10-25,221.0,-1.0,225.0,219.0,222.0,94,43588,9659430
710,711,2018-10-24,222.0,-1.0,223.0,220.0,223.0,68,29618,6579040
711,712,2018-10-23,223.0,0.0,223.0,221.0,223.0,43,8711,1930760
712,713,2018-10-22,223.0,-1.0,225.0,222.0,224.0,39,12362,2762840
713,714,2018-10-21,224.0,3.0,224.0,220.0,221.0,37,23269,5177560
714,715,2018-10-15,221.0,-3.0,227.0,220.0,224.0,157,64958,14412500
715,716,2018-10-14,224.0,6.0,224.0,221.0,218.0,69,36442,8098550
716,717,2018-10-11,218.0,2.0,220.0,216.0,216.0,76,32811,7131760
717,718,2018-10-10,216.0,-1.0,218.0,213.0,217.0,134,74557,16082500
718,719,2018-10-09,217.0,0.0,221.0,216.0,217.0,134,63927,13911700
719,720,2018-10-08,217.0,1.0,220.0,210.0,216.0,190,456502,96909900
720,721,2018-10-07,216.0,-6.0,228.0,216.0,222.0,92,47721,10446700
721,722,2018-10-04,222.0,-3.0,226.0,220.0,225.0,150,103542,22835500
722,723,2018-10-03,225.0,-2.0,229.0,222.0,227.0,79,81956,18569300
723,724,2018-10-02,227.0,2.0,230.0,220.0,225.0,63,94444,21070700
724,725,2018-10-01,225.0,-6.0,233.0,224.0,231.0,69,42185,9527010
725,726,2018-09-30,231.0,0.0,231.0,225.0,231.0,76,86961,19671500
726,727,2018-09-27,231.0,-8.0,239.0,230.0,239.0,75,24368,5642060
727,728,2018-09-26,239.0,-3.0,245.0,231.0,242.0,134,58018,13777000
728,729,2018-09-25,242.0,10.0,245.0,230.0,230.0,132,48924,11701400
729,730,2018-09-23,230.0,5.0,233.0,225.0,225.0,51,14825,3400400
